time_idx,machine_id,shift,diameter_mm,is_anomaly
0,M02,주간,10.0914,0
1,M01,주간,9.688,0
2,M01,주간,10.2251,0
3,M02,주간,10.2822,0
4,M01,주간,9.4147,0
5,M02,주간,9.6093,0
6,M03,주간,10.0384,0
7,M02,주간,9.9051,0
8,M02,주간,9.995,0
9,M01,주간,9.7441,0
10,M02,주간,10.2638,0
11,M02,주간,10.2333,0
12,M01,주간,10.0198,0
13,M01,주간,10.3382,0
14,M03,주간,10.1403,0
15,M03,주간,9.7422,0
16,M02,주간,10.1106,0
17,M03,주간,9.7123,0
18,M01,주간,10.2635,0
19,M01,주간,9.985,0
20,M03,주간,9.9445,0
21,M01,주간,9.7957,0
22,M02,주간,10.3668,0
23,M01,주간,9.9536,0
24,M01,주간,9.8715,0
25,M02,주간,9.8944,0
26,M02,주간,10.1597,0
27,M03,주간,10.1096,0
28,M03,주간,10.1238,0
29,M02,주간,10.1292,0
30,M02,주간,10.6425,0
31,M01,주간,9.8781,0
32,M01,주간,9.8463,0
33,M01,주간,9.7559,0
34,M03,주간,10.1848,0
35,M01,주간,10.3387,0
36,M02,주간,9.9658,0
37,M03,주간,9.748,0
38,M03,주간,9.7527,0
39,M02,주간,10.1952,0
40,M01,주간,10.223,0
41,M02,주간,10.1629,0
42,M02,주간,9.8003,0
43,M01,주간,10.0696,0
44,M03,주간,10.035,0
45,M03,주간,10.0656,0
46,M01,주간,10.2614,0
47,M01,주간,10.0671,0
48,M01,주간,10.2037,0
49,M03,주간,10.0203,0
50,M01,주간,10.0867,0
51,M03,주간,10.1894,0
52,M03,주간,9.5629,0
53,M02,주간,9.9041,0
54,M02,주간,9.8589,0
55,M03,주간,9.8083,0
56,M03,주간,9.9175,0
57,M01,주간,10.4485,0
58,M01,주간,9.7403,0
59,M02,주간,10.2905,0
60,M01,주간,9.4951,0
61,M01,주간,9.8995,0
62,M03,주간,10.0488,0
63,M02,주간,10.1759,0
64,M02,주간,10.2134,0
65,M01,주간,10.238,0
66,M01,주간,9.8954,0
67,M01,주간,9.8613,0
68,M02,주간,10.2574,0
69,M01,주간,9.9426,0
70,M02,주간,9.6173,0
71,M01,주간,9.66,0
72,M02,주간,9.7242,0
73,M02,주간,10.1491,0
74,M01,주간,10.0427,0
75,M02,주간,10.2071,0
76,M01,주간,9.8718,0
77,M01,주간,10.0476,0
78,M03,주간,10.1877,0
79,M03,주간,9.9072,0
80,M02,주간,10.137,0
81,M03,주간,9.8014,0
82,M02,주간,9.8911,0
83,M01,주간,9.8855,0
84,M03,주간,9.6412,0
85,M02,주간,10.1461,0
86,M02,주간,9.8592,0
87,M02,주간,10.0037,0
88,M01,주간,10.1442,0
89,M03,주간,10.134,0
90,M02,주간,10.1996,0
91,M02,주간,9.9705,0
92,M01,주간,9.873,0
93,M03,주간,9.9761,0
94,M01,주간,9.4938,0
95,M01,주간,9.5659,0
96,M03,주간,9.6032,0
97,M01,주간,9.7008,0
98,M02,주간,10.1199,0
99,M03,주간,9.7284,0
100,M03,주간,9.8866,0
101,M02,주간,10.3898,0
102,M03,주간,9.8931,0
103,M03,주간,10.2213,0
104,M03,주간,9.7199,0
105,M01,주간,9.9384,0
106,M03,주간,9.715,0
107,M01,주간,9.8983,0
108,M03,주간,10.2521,0
109,M01,주간,9.4818,0
110,M01,주간,10.1303,0
111,M01,주간,10.0713,0
112,M02,주간,9.8218,0
113,M01,주간,9.5662,0
114,M01,주간,10.0216,0
115,M02,주간,9.8412,0
116,M03,주간,10.0698,0
117,M02,주간,10.0066,0
118,M02,주간,10.4805,0
119,M02,주간,9.9282,0
120,M02,주간,9.693,0
121,M02,주간,10.0538,0
122,M02,주간,10.066,0
123,M01,주간,10.4078,0
124,M01,주간,10.2505,0
125,M03,주간,10.1071,0
126,M02,주간,10.439,0
127,M01,주간,9.6434,0
128,M01,주간,9.8081,0
129,M03,주간,9.722,0
130,M01,주간,9.8831,0
131,M01,주간,9.587,0
132,M03,주간,10.1905,0
133,M02,주간,9.9333,0
134,M02,주간,9.5588,0
135,M03,주간,9.6953,0
136,M01,주간,10.0941,0
137,M02,주간,10.2514,0
138,M03,주간,10.599,0
139,M02,주간,10.8742,0
140,M01,주간,10.1243,0
141,M03,주간,9.7031,0
142,M03,주간,9.3604,0
143,M01,주간,10.0803,0
144,M01,주간,9.7561,0
145,M03,주간,9.8754,0
146,M01,주간,9.8164,0
147,M03,주간,9.9578,0
148,M01,주간,10.3198,0
149,M03,주간,10.0471,0
150,M03,주간,9.9524,0
151,M02,주간,9.6893,0
152,M01,주간,9.4976,0
153,M02,주간,9.8541,0
154,M03,주간,9.9839,0
155,M03,주간,10.5304,0
156,M01,주간,10.0391,0
157,M02,주간,10.2948,0
158,M03,주간,9.8502,0
159,M01,주간,9.6445,0
160,M03,오후,9.7105,0
161,M01,오후,9.7824,0
162,M03,오후,10.6385,0
163,M01,오후,9.7536,0
164,M01,오후,10.2515,0
165,M02,오후,9.7291,0
166,M02,오후,10.2795,0
167,M01,오후,10.1155,0
168,M02,오후,9.953,0
169,M01,오후,9.9878,0
170,M03,오후,9.8036,0
171,M01,오후,10.1338,0
172,M02,오후,9.8635,0
173,M03,오후,9.6323,0
174,M01,오후,9.6166,0
175,M01,오후,10.0518,0
176,M03,오후,10.4737,0
177,M01,오후,10.048,0
178,M03,오후,9.9644,0
179,M02,오후,10.0857,0
180,M03,오후,10.3918,0
181,M01,오후,10.0658,0
182,M01,오후,9.8767,0
183,M03,오후,10.3319,0
184,M03,오후,10.1286,0
185,M03,오후,10.4607,0
186,M01,오후,10.055,0
187,M02,오후,9.6327,0
188,M02,오후,9.5896,0
189,M02,오후,10.4953,0
190,M01,오후,10.5171,0
191,M02,오후,9.9461,0
192,M02,오후,9.885,0
193,M01,오후,10.4384,0
194,M02,오후,9.6679,0
195,M01,오후,9.7316,0
196,M01,오후,10.193,0
197,M01,오후,9.8816,0
198,M02,오후,9.9985,0
199,M01,오후,9.951,0
200,M02,오후,10.1013,0
201,M02,오후,10.4222,0
202,M03,오후,10.0272,0
203,M01,오후,10.1932,0
204,M02,오후,9.3849,0
205,M01,오후,9.9854,0
206,M02,오후,9.747,0
207,M02,오후,9.6344,0
208,M03,오후,9.7366,0
209,M02,오후,9.8998,0
210,M03,오후,10.2748,0
211,M01,오후,9.6021,0
212,M01,오후,10.0092,0
213,M01,오후,9.8547,0
214,M02,오후,9.9017,0
215,M01,오후,10.3008,0
216,M01,오후,10.1614,0
217,M01,오후,10.4012,0
218,M03,오후,9.9536,0
219,M03,오후,9.7912,0
220,M01,오후,9.9328,0
221,M03,오후,10.0727,0
222,M01,오후,10.053,0
223,M02,오후,9.6747,0
224,M01,오후,10.0271,0
225,M02,오후,10.0685,0
226,M03,오후,10.7552,0
227,M03,오후,10.5631,0
228,M02,오후,9.744,0
229,M02,오후,9.9138,0
230,M03,오후,9.561,0
231,M01,오후,9.8228,0
232,M02,오후,10.0947,0
233,M01,오후,10.3618,0
234,M03,오후,9.7813,0
235,M02,오후,9.8038,0
236,M02,오후,9.3558,0
237,M02,오후,9.9512,0
238,M01,오후,9.6813,0
239,M01,오후,9.8412,0
240,M03,오후,9.7369,0
241,M01,오후,9.9717,0
242,M01,오후,9.4727,0
243,M01,오후,9.5599,0
244,M03,오후,10.6388,0
245,M01,오후,9.6138,0
246,M03,오후,9.671,0
247,M02,오후,10.5511,0
248,M03,오후,10.8715,0
249,M02,오후,9.6485,0
250,M01,오후,9.8895,0
251,M02,오후,10.1025,0
252,M02,오후,10.5186,0
253,M01,오후,9.7039,0
254,M02,오후,9.9264,0
255,M01,오후,10.2332,0
256,M03,오후,10.1304,0
257,M03,오후,9.8872,0
258,M01,오후,9.9599,0
259,M02,오후,9.5875,0
260,M02,오후,9.9285,0
261,M01,오후,9.9201,0
262,M02,오후,10.0697,0
263,M01,오후,9.8334,0
264,M01,오후,10.1415,0
265,M03,오후,10.3038,0
266,M02,오후,10.0466,0
267,M03,오후,10.1055,0
268,M02,오후,10.0159,0
269,M03,오후,10.0,0
270,M03,오후,9.7835,0
271,M02,오후,10.0949,0
272,M02,오후,9.9708,0
273,M02,오후,10.628,0
274,M03,오후,10.472,0
275,M02,오후,10.1158,0
276,M02,오후,9.7711,0
277,M01,오후,9.6663,0
278,M03,오후,10.3573,0
279,M02,오후,10.0788,0
280,M01,오후,10.144,0
281,M02,오후,9.4766,0
282,M02,오후,10.2782,0
283,M01,오후,10.1363,0
284,M03,오후,9.6669,0
285,M03,오후,9.8585,0
286,M03,오후,10.0791,0
287,M02,오후,10.0157,0
288,M01,오후,9.9123,0
289,M01,오후,9.969,0
290,M03,오후,9.9244,0
291,M01,오후,10.0458,0
292,M03,오후,10.4414,0
293,M03,오후,9.23,0
294,M01,오후,9.9289,0
295,M03,오후,10.053,0
296,M01,오후,10.0888,0
297,M02,오후,9.8884,0
298,M02,오후,9.473,0
299,M03,오후,10.0984,0
300,M02,오후,10.5182,0
301,M03,오후,9.5398,0
302,M02,오후,10.2591,0
303,M03,오후,9.9014,0
304,M03,오후,9.9816,0
305,M03,오후,9.6841,0
306,M02,오후,9.8997,0
307,M02,오후,10.39,0
308,M03,오후,10.1748,0
309,M03,오후,10.5197,0
310,M03,오후,10.3532,0
311,M02,오후,10.1317,0
312,M03,오후,10.5232,0
313,M03,오후,10.1317,0
314,M03,오후,10.2484,0
315,M01,오후,9.911,0
316,M02,오후,10.02,0
317,M03,오후,9.7908,0
318,M03,오후,10.2969,0
319,M03,오후,9.6465,0
320,M01,야간,10.2347,0
321,M01,야간,9.9428,0
322,M03,야간,10.3514,0
323,M03,야간,10.2253,0
324,M01,야간,10.5462,0
325,M02,야간,10.2192,0
326,M03,야간,9.5284,0
327,M01,야간,9.9799,0
328,M03,야간,9.6484,0
329,M01,야간,9.8445,0
330,M01,야간,10.4534,0
331,M03,야간,10.1913,0
332,M02,야간,9.7903,0
333,M02,야간,9.6959,0
334,M03,야간,10.0098,0
335,M01,야간,9.635,0
336,M02,야간,9.7987,0
337,M02,야간,10.0936,0
338,M03,야간,10.3466,0
339,M01,야간,10.1826,0
340,M02,야간,9.3126,0
341,M02,야간,10.0913,0
342,M02,야간,10.0216,0
343,M03,야간,10.1242,0
344,M02,야간,10.4849,0
345,M03,야간,9.381,0
346,M03,야간,9.8227,0
347,M03,야간,10.1773,0
348,M03,야간,9.5255,0
349,M02,야간,10.4428,0
350,M01,야간,10.1105,0
351,M03,야간,10.254,0
352,M02,야간,9.8287,0
353,M01,야간,10.2441,0
354,M01,야간,10.3205,0
355,M01,야간,10.0699,0
356,M03,야간,10.0703,0
357,M01,야간,10.0811,0
358,M03,야간,9.741,0
359,M02,야간,9.9557,0
360,M01,야간,9.9542,0
361,M02,야간,10.115,0
362,M03,야간,10.2999,0
363,M03,야간,9.6824,0
364,M02,야간,9.9625,0
365,M02,야간,10.4444,0
366,M01,야간,9.7769,0
367,M01,야간,9.7533,0
368,M02,야간,10.0607,0
369,M02,야간,10.2533,0
370,M01,야간,10.0034,0
371,M03,야간,10.3987,0
372,M02,야간,10.257,0
373,M01,야간,10.2525,0
374,M03,야간,10.1662,0
375,M01,야간,10.6983,0
376,M03,야간,9.9385,0
377,M01,야간,9.3989,0
378,M02,야간,10.4813,0
379,M02,야간,9.8627,0
380,M03,야간,10.0324,0
381,M01,야간,10.3929,0
382,M03,야간,9.5193,0
383,M02,야간,9.6245,0
384,M01,야간,9.5196,0
385,M02,야간,9.7618,0
386,M03,야간,10.1319,0
387,M02,야간,10.1573,0
388,M01,야간,10.0829,0
389,M02,야간,9.5762,0
390,M02,야간,9.307,0
391,M01,야간,10.0163,0
392,M01,야간,9.8585,0
393,M03,야간,10.1378,0
394,M01,야간,10.2106,0
395,M02,야간,10.0415,0
396,M03,야간,10.228,0
397,M01,야간,10.0688,0
398,M02,야간,10.159,0
399,M01,야간,9.7886,0
400,M03,야간,9.9461,0
401,M02,야간,10.059,0
402,M03,야간,10.2462,0
403,M03,야간,9.8819,0
404,M02,야간,10.1564,0
405,M01,야간,9.9202,0
406,M02,야간,9.9647,0
407,M01,야간,10.2489,0
408,M02,야간,9.4021,0
409,M01,야간,9.6111,0
410,M03,야간,9.5553,0
411,M02,야간,9.2999,0
412,M01,야간,9.7965,0
413,M03,야간,10.2248,0
414,M03,야간,9.9145,0
415,M02,야간,10.0593,0
416,M01,야간,10.3268,0
417,M02,야간,10.3983,0
418,M02,야간,9.9793,0
419,M03,야간,10.4061,0
420,M01,야간,10.0276,0
421,M03,야간,9.7488,0
422,M01,야간,9.8217,0
423,M01,야간,9.5558,0
424,M02,야간,9.7336,0
425,M01,야간,9.8926,0
426,M02,야간,10.2411,0
427,M02,야간,10.5162,0
428,M01,야간,9.5853,0
429,M03,야간,10.1178,0
430,M01,야간,9.6878,0
431,M03,야간,10.1424,0
432,M03,야간,9.9607,0
433,M02,야간,9.4507,0
434,M01,야간,10.2785,0
435,M03,야간,9.8185,0
436,M01,야간,9.8398,0
437,M01,야간,9.6791,0
438,M03,야간,9.8037,0
439,M02,야간,10.1284,0
440,M03,야간,9.9432,0
441,M01,야간,10.0986,0
442,M02,야간,10.1086,0
443,M03,야간,10.3962,0
444,M03,야간,9.8972,0
445,M02,야간,9.5569,0
446,M03,야간,10.3202,0
447,M01,야간,9.9006,0
448,M02,야간,10.3344,0
449,M01,야간,10.115,0
450,M03,야간,9.9607,0
451,M03,야간,10.1046,0
452,M03,야간,10.5853,0
453,M03,야간,10.6231,0
454,M01,야간,10.0208,0
455,M02,야간,10.0481,0
456,M03,야간,10.3229,0
457,M01,야간,9.7463,0
458,M02,야간,10.0999,0
459,M03,야간,9.9922,0
460,M02,야간,10.0942,0
461,M03,야간,9.75,0
462,M02,야간,9.5231,0
463,M02,야간,9.3781,0
464,M02,야간,9.6648,0
465,M02,야간,9.8624,0
466,M03,야간,9.912,0
467,M03,야간,10.5812,0
468,M01,야간,10.3318,0
469,M03,야간,9.7114,0
470,M02,야간,10.1043,0
471,M02,야간,9.8779,0
472,M01,야간,9.9147,0
473,M02,야간,10.0556,0
474,M02,야간,10.1858,0
475,M02,야간,9.8982,0
476,M01,야간,10.3192,0
477,M03,야간,9.6574,0
478,M02,야간,10.0019,0
479,M02,야간,10.7793,0
480,M01,주간,10.0669,0
481,M01,주간,10.43,0
482,M03,주간,10.0275,0
483,M01,주간,10.1742,0
484,M03,주간,9.983,0
485,M03,주간,9.9489,0
486,M02,주간,9.7662,0
487,M03,주간,10.1291,0
488,M02,주간,9.7445,0
489,M03,주간,10.1997,0
490,M01,주간,10.3256,0
491,M02,주간,10.11,0
492,M02,주간,9.9141,0
493,M03,주간,10.1362,0
494,M01,주간,9.9074,0
495,M03,주간,10.2807,0
496,M01,주간,9.4506,0
497,M01,주간,9.8993,0
498,M02,주간,9.4028,0
499,M01,주간,9.5515,0
500,M02,주간,10.4092,0
501,M03,주간,10.2686,0
502,M03,주간,9.7842,0
503,M01,주간,9.5492,0
504,M02,주간,9.1106,0
505,M02,주간,9.837,0
506,M01,주간,10.7261,0
507,M02,주간,10.1305,0
508,M02,주간,9.8321,0
509,M03,주간,10.1395,0
510,M01,주간,9.5317,0
511,M01,주간,9.9108,0
512,M03,주간,10.0298,0
513,M03,주간,9.9742,0
514,M01,주간,10.2372,0
515,M01,주간,10.1034,0
516,M02,주간,10.2005,0
517,M03,주간,9.7935,0
518,M01,주간,10.2693,0
519,M01,주간,10.4887,0
520,M03,주간,9.709,0
521,M03,주간,9.7337,0
522,M03,주간,10.4007,0
523,M03,주간,9.9426,0
524,M03,주간,10.4211,0
525,M01,주간,9.8672,0
526,M01,주간,10.4365,0
527,M01,주간,10.0394,0
528,M01,주간,10.0775,0
529,M03,주간,10.4694,0
530,M02,주간,9.8915,0
531,M01,주간,9.7177,0
532,M01,주간,9.8654,0
533,M01,주간,10.1357,0
534,M02,주간,9.5303,0
535,M02,주간,10.1912,0
536,M01,주간,9.8384,0
537,M03,주간,10.3443,0
538,M01,주간,9.2817,0
539,M02,주간,9.764,0
540,M02,주간,9.4941,0
541,M02,주간,9.7521,0
542,M03,주간,10.0743,0
543,M03,주간,9.9462,0
544,M01,주간,9.924,0
545,M02,주간,9.9522,0
546,M01,주간,10.061,0
547,M02,주간,9.6974,0
548,M02,주간,10.2121,0
549,M02,주간,10.1988,0
550,M01,주간,10.1155,0
551,M01,주간,10.167,0
552,M01,주간,10.0889,0
553,M01,주간,10.6105,0
554,M02,주간,9.9739,0
555,M03,주간,9.9079,0
556,M01,주간,9.7739,0
557,M01,주간,9.6903,0
558,M02,주간,9.6267,0
559,M03,주간,9.7334,0
560,M01,주간,9.9788,0
561,M01,주간,10.1003,0
562,M02,주간,10.0153,0
563,M02,주간,9.7703,0
564,M03,주간,10.2701,0
565,M01,주간,10.2218,0
566,M01,주간,9.9521,0
567,M02,주간,9.8041,0
568,M02,주간,10.1645,0
569,M03,주간,10.0564,0
570,M02,주간,9.5656,0
571,M02,주간,9.9796,0
572,M01,주간,10.0786,0
573,M01,주간,9.7301,0
574,M03,주간,10.057,0
575,M01,주간,9.5636,0
576,M02,주간,10.4009,0
577,M03,주간,10.3744,0
578,M03,주간,9.9242,0
579,M01,주간,10.109,0
580,M01,주간,9.277,0
581,M03,주간,9.6531,0
582,M03,주간,9.9119,0
583,M01,주간,9.6784,0
584,M02,주간,10.2143,0
585,M01,주간,10.5992,0
586,M03,주간,9.647,0
587,M03,주간,9.7488,0
588,M01,주간,10.0706,0
589,M02,주간,10.4833,0
590,M02,주간,9.6333,0
591,M01,주간,10.0747,0
592,M01,주간,10.5464,0
593,M03,주간,9.5045,0
594,M02,주간,9.6157,0
595,M01,주간,9.8729,0
596,M01,주간,9.8438,0
597,M02,주간,10.2438,0
598,M03,주간,10.0725,0
599,M02,주간,9.4675,0
600,M03,주간,10.1546,0
601,M02,주간,9.8267,0
602,M03,주간,10.3823,0
603,M03,주간,9.8117,0
604,M01,주간,9.809,0
605,M01,주간,10.1623,0
606,M03,주간,10.2289,0
607,M03,주간,10.1344,0
608,M01,주간,9.4943,0
609,M02,주간,10.1614,0
610,M03,주간,9.6897,0
611,M03,주간,10.0706,0
612,M01,주간,9.5729,0
613,M03,주간,10.1339,0
614,M02,주간,9.758,0
615,M03,주간,9.6152,0
616,M01,주간,10.2141,0
617,M02,주간,10.0725,0
618,M01,주간,9.8158,0
619,M02,주간,10.4354,0
620,M01,주간,9.8678,0
621,M02,주간,10.0096,0
622,M03,주간,10.0807,0
623,M02,주간,9.8141,0
624,M01,주간,10.1413,0
625,M02,주간,9.84,0
626,M02,주간,9.8765,0
627,M03,주간,10.4088,0
628,M01,주간,9.6878,0
629,M01,주간,9.2762,0
630,M02,주간,10.4833,0
631,M03,주간,10.7648,0
632,M02,주간,9.8784,0
633,M01,주간,9.4189,0
634,M01,주간,9.9069,0
635,M03,주간,9.9141,0
636,M03,주간,9.943,0
637,M01,주간,9.666,0
638,M01,주간,10.1739,0
639,M01,주간,10.1574,0
640,M02,오후,9.5517,0
641,M03,오후,10.2098,0
642,M01,오후,10.6158,0
643,M03,오후,10.0516,0
644,M01,오후,9.8988,0
645,M03,오후,9.9574,0
646,M01,오후,10.1846,0
647,M03,오후,9.4808,0
648,M02,오후,10.0493,0
649,M01,오후,9.8829,0
650,M01,오후,10.5543,0
651,M03,오후,9.9477,0
652,M02,오후,10.5004,0
653,M02,오후,9.6689,0
654,M03,오후,10.1762,0
655,M02,오후,10.0958,0
656,M02,오후,9.7393,0
657,M02,오후,10.0532,0
658,M01,오후,10.3638,0
659,M01,오후,9.9029,0
660,M01,오후,9.4924,0
661,M02,오후,9.9947,0
662,M02,오후,9.7293,0
663,M03,오후,9.8973,0
664,M03,오후,9.9755,0
665,M01,오후,9.4883,0
666,M03,오후,9.5153,0
667,M03,오후,10.1446,0
668,M02,오후,9.8432,0
669,M02,오후,9.2306,0
670,M01,오후,10.2355,0
671,M01,오후,10.0817,0
672,M01,오후,9.7858,0
673,M02,오후,9.605,0
674,M02,오후,10.2507,0
675,M01,오후,10.1048,0
676,M01,오후,10.7148,0
677,M01,오후,10.1261,0
678,M02,오후,10.1163,0
679,M03,오후,9.9499,0
680,M02,오후,10.245,0
681,M01,오후,10.1875,0
682,M01,오후,10.3755,0
683,M01,오후,9.8436,0
684,M03,오후,9.8694,0
685,M03,오후,9.8563,0
686,M01,오후,10.2372,0
687,M01,오후,10.4495,0
688,M01,오후,9.8623,0
689,M03,오후,9.8726,0
690,M01,오후,10.0942,0
691,M03,오후,9.9263,0
692,M02,오후,10.2856,0
693,M01,오후,9.3245,0
694,M03,오후,9.752,0
695,M02,오후,9.7653,0
696,M03,오후,9.3039,0
697,M01,오후,9.7109,0
698,M02,오후,9.7255,0
699,M02,오후,9.9397,0
700,M02,오후,10.3339,0
701,M01,오후,9.9265,0
702,M02,오후,9.6908,0
703,M03,오후,9.9829,0
704,M03,오후,10.3148,0
705,M01,오후,9.7072,0
706,M03,오후,9.7268,0
707,M03,오후,10.1676,0
708,M01,오후,9.9335,0
709,M01,오후,10.1942,0
710,M03,오후,9.9959,0
711,M01,오후,10.2105,0
712,M01,오후,9.6895,0
713,M02,오후,9.9964,0
714,M02,오후,9.9368,0
715,M02,오후,9.6352,0
716,M02,오후,9.531,0
717,M03,오후,10.2057,0
718,M03,오후,9.8947,0
719,M01,오후,9.6933,0
720,M01,오후,9.9711,0
721,M01,오후,10.3384,0
722,M02,오후,9.3158,0
723,M02,오후,9.551,0
724,M03,오후,9.7231,0
725,M02,오후,10.4384,0
726,M01,오후,10.0848,0
727,M03,오후,10.2302,0
728,M01,오후,9.658,0
729,M03,오후,9.6641,0
730,M03,오후,10.1343,0
731,M03,오후,10.0175,0
732,M03,오후,10.1646,0
733,M01,오후,9.9437,0
734,M02,오후,10.0834,0
735,M02,오후,10.0474,0
736,M02,오후,10.2333,0
737,M03,오후,10.2421,0
738,M02,오후,9.514,0
739,M01,오후,9.3258,0
740,M03,오후,10.3005,0
741,M02,오후,10.3563,0
742,M03,오후,9.6938,0
743,M01,오후,9.442,0
744,M03,오후,10.0297,0
745,M01,오후,10.2793,0
746,M02,오후,10.5393,0
747,M03,오후,10.1549,0
748,M02,오후,9.8885,0
749,M01,오후,9.7321,0
750,M03,오후,10.0034,0
751,M03,오후,9.9102,0
752,M01,오후,9.6955,0
753,M01,오후,10.6146,0
754,M01,오후,10.5356,0
755,M01,오후,10.3408,0
756,M02,오후,9.7237,0
757,M01,오후,10.2565,0
758,M03,오후,10.1919,0
759,M01,오후,10.1328,0
760,M02,오후,10.3749,0
761,M02,오후,10.1906,0
762,M02,오후,10.222,0
763,M01,오후,10.1911,0
764,M02,오후,10.1022,0
765,M02,오후,9.4649,0
766,M02,오후,10.0251,0
767,M03,오후,9.8331,0
768,M02,오후,9.616,0
769,M02,오후,10.5045,0
770,M01,오후,10.5187,0
771,M01,오후,10.4078,0
772,M02,오후,10.0766,0
773,M02,오후,10.4052,0
774,M03,오후,10.0036,0
775,M03,오후,10.0608,0
776,M01,오후,9.672,0
777,M02,오후,10.1191,0
778,M02,오후,10.0181,0
779,M01,오후,9.6092,0
780,M02,오후,9.9846,0
781,M02,오후,9.9761,0
782,M01,오후,10.5393,0
783,M02,오후,10.2683,0
784,M03,오후,10.0034,0
785,M01,오후,10.0746,0
786,M02,오후,10.0133,0
787,M01,오후,9.9391,0
788,M01,오후,9.6753,0
789,M03,오후,9.9547,0
790,M02,오후,9.7762,0
791,M01,오후,9.6249,0
792,M02,오후,10.1534,0
793,M01,오후,10.1174,0
794,M02,오후,9.464,0
795,M01,오후,9.9632,0
796,M02,오후,10.2987,0
797,M02,오후,10.3178,0
798,M02,오후,10.3078,0
799,M02,오후,10.0117,0
800,M01,야간,9.7465,0
801,M01,야간,9.6749,0
802,M01,야간,10.1034,0
803,M02,야간,10.1138,0
804,M02,야간,10.3862,0
805,M03,야간,10.33,0
806,M01,야간,9.9603,0
807,M01,야간,9.6267,0
808,M03,야간,9.9043,0
809,M03,야간,10.0652,0
810,M03,야간,9.9394,0
811,M01,야간,9.8266,0
812,M01,야간,10.0759,0
813,M01,야간,9.8488,0
814,M01,야간,9.8116,0
815,M03,야간,10.0934,0
816,M03,야간,9.8794,0
817,M03,야간,10.0732,0
818,M03,야간,10.082,0
819,M02,야간,9.6582,0
820,M02,야간,9.8556,0
821,M03,야간,10.4313,0
822,M03,야간,9.6514,0
823,M02,야간,9.365,0
824,M03,야간,9.4414,0
825,M02,야간,10.0087,0
826,M02,야간,10.0093,0
827,M03,야간,9.9647,0
828,M02,야간,10.3643,0
829,M03,야간,9.1981,0
830,M02,야간,10.1188,0
831,M01,야간,10.4684,0
832,M01,야간,9.6617,0
833,M02,야간,9.8861,0
834,M02,야간,9.7741,0
835,M02,야간,9.7317,0
836,M03,야간,9.9021,0
837,M01,야간,10.4282,0
838,M01,야간,10.5512,0
839,M03,야간,9.8992,0
840,M02,야간,10.5715,0
841,M02,야간,10.0107,0
842,M01,야간,10.5261,0
843,M02,야간,9.972,0
844,M02,야간,10.0393,0
845,M02,야간,10.1096,0
846,M01,야간,10.9537,0
847,M02,야간,10.2554,0
848,M02,야간,9.7878,0
849,M01,야간,10.2907,0
850,M01,야간,9.8915,0
851,M03,야간,9.8531,0
852,M03,야간,10.2726,0
853,M02,야간,10.0093,0
854,M03,야간,10.0836,0
855,M03,야간,10.0042,0
856,M01,야간,10.101,0
857,M02,야간,10.1275,0
858,M03,야간,9.4189,0
859,M01,야간,10.2,0
860,M03,야간,9.7054,0
861,M01,야간,9.5673,0
862,M01,야간,9.9825,0
863,M02,야간,10.0252,0
864,M02,야간,9.7919,0
865,M01,야간,10.2493,0
866,M01,야간,9.5973,0
867,M02,야간,9.8779,0
868,M01,야간,9.8245,0
869,M03,야간,9.986,0
870,M03,야간,10.0837,0
871,M01,야간,9.6976,0
872,M02,야간,10.2173,0
873,M01,야간,10.0189,0
874,M02,야간,9.4324,0
875,M03,야간,9.4124,0
876,M01,야간,9.9963,0
877,M01,야간,9.9337,0
878,M01,야간,9.969,0
879,M03,야간,9.9916,0
880,M01,야간,10.0677,0
881,M02,야간,10.2843,0
882,M02,야간,9.6667,0
883,M01,야간,9.6484,0
884,M01,야간,9.672,0
885,M01,야간,10.0867,0
886,M03,야간,10.3735,0
887,M03,야간,9.8706,0
888,M03,야간,9.2495,0
889,M01,야간,9.4888,0
890,M02,야간,9.7501,0
891,M02,야간,9.8327,0
892,M03,야간,9.8775,0
893,M01,야간,10.0116,0
894,M03,야간,9.9065,0
895,M01,야간,10.3148,0
896,M02,야간,9.7972,0
897,M03,야간,9.7413,0
898,M01,야간,10.1437,0
899,M01,야간,9.5393,0
900,M03,야간,10.1169,0
901,M01,야간,10.0308,0
902,M03,야간,9.9558,0
903,M02,야간,10.4765,0
904,M02,야간,9.8133,0
905,M03,야간,10.6181,0
906,M03,야간,9.9324,0
907,M01,야간,9.6169,0
908,M01,야간,10.021,0
909,M01,야간,9.6771,0
910,M01,야간,9.7745,0
911,M03,야간,10.1191,0
912,M02,야간,10.1667,0
913,M03,야간,9.8133,0
914,M01,야간,10.2962,0
915,M03,야간,10.3473,0
916,M03,야간,10.4309,0
917,M03,야간,10.1588,0
918,M02,야간,10.409,0
919,M03,야간,9.4358,0
920,M02,야간,9.9046,0
921,M02,야간,9.7399,0
922,M02,야간,10.0358,0
923,M01,야간,9.8286,0
924,M03,야간,9.9502,0
925,M03,야간,10.5647,0
926,M03,야간,9.9491,0
927,M03,야간,10.1241,0
928,M02,야간,9.9303,0
929,M03,야간,10.0227,0
930,M01,야간,10.0018,0
931,M02,야간,10.1345,0
932,M01,야간,10.3496,0
933,M01,야간,10.4942,0
934,M02,야간,10.0929,0
935,M02,야간,10.1769,0
936,M03,야간,9.6547,0
937,M02,야간,9.9736,0
938,M02,야간,10.2821,0
939,M02,야간,10.2598,0
940,M02,야간,10.0635,0
941,M03,야간,10.2659,0
942,M01,야간,10.1472,0
943,M02,야간,10.3601,0
944,M02,야간,10.0868,0
945,M01,야간,9.8933,0
946,M03,야간,10.1008,0
947,M02,야간,9.1208,0
948,M01,야간,10.1149,0
949,M02,야간,8.9055,0
950,M03,야간,9.483,0
951,M03,야간,10.1355,0
952,M01,야간,10.1433,0
953,M02,야간,9.6513,0
954,M01,야간,9.7864,0
955,M02,야간,10.4112,0
956,M02,야간,9.8548,0
957,M02,야간,10.6729,0
958,M03,야간,9.9994,0
959,M02,야간,10.1224,0
960,M02,주간,10.4851,0
961,M01,주간,10.0393,0
962,M01,주간,9.6993,0
963,M03,주간,9.9671,0
964,M02,주간,9.9893,0
965,M03,주간,9.5906,0
966,M02,주간,9.9233,0
967,M02,주간,9.7773,0
968,M02,주간,10.2773,0
969,M02,주간,10.0104,0
970,M01,주간,9.9152,0
971,M01,주간,9.9681,0
972,M02,주간,10.0669,0
973,M02,주간,10.185,0
974,M02,주간,9.7001,0
975,M02,주간,9.6875,0
976,M01,주간,10.3314,0
977,M03,주간,9.8763,0
978,M02,주간,9.5749,0
979,M01,주간,10.1331,0
980,M02,주간,10.139,0
981,M03,주간,9.5408,0
982,M03,주간,10.0688,0
983,M01,주간,10.2207,0
984,M03,주간,10.1123,0
985,M02,주간,10.1896,0
986,M02,주간,9.5787,0
987,M02,주간,10.0993,0
988,M03,주간,9.9092,0
989,M01,주간,9.8552,0
990,M01,주간,10.2612,0
991,M02,주간,10.4438,0
992,M01,주간,10.5383,0
993,M03,주간,10.3944,0
994,M03,주간,9.9671,0
995,M02,주간,10.1058,0
996,M03,주간,10.23,0
997,M01,주간,10.0364,0
998,M02,주간,10.0392,0
999,M02,주간,10.2471,0
1000,M01,주간,9.9822,0
1001,M01,주간,9.7812,0
1002,M02,주간,9.8757,0
1003,M02,주간,10.1902,0
1004,M01,주간,10.0009,0
1005,M02,주간,10.1021,0
1006,M03,주간,10.201,0
1007,M01,주간,9.8875,0
1008,M03,주간,10.2269,0
1009,M02,주간,10.1137,0
1010,M02,주간,9.6296,0
1011,M03,주간,10.4327,0
1012,M02,주간,9.8498,0
1013,M03,주간,9.5035,0
1014,M01,주간,9.6865,0
1015,M01,주간,9.6937,0
1016,M02,주간,10.0157,0
1017,M01,주간,9.9178,0
1018,M01,주간,9.899,0
1019,M02,주간,10.1859,0
1020,M03,주간,10.102,0
1021,M01,주간,10.0948,0
1022,M03,주간,10.1229,0
1023,M02,주간,10.1848,0
1024,M01,주간,9.3676,0
1025,M01,주간,9.8907,0
1026,M03,주간,9.3459,0
1027,M01,주간,10.0108,0
1028,M02,주간,9.9986,0
1029,M03,주간,10.3137,0
1030,M02,주간,10.3563,0
1031,M01,주간,10.0608,0
1032,M01,주간,9.8499,0
1033,M03,주간,10.1455,0
1034,M02,주간,9.8416,0
1035,M01,주간,9.9996,0
1036,M01,주간,10.2958,0
1037,M02,주간,9.8327,0
1038,M01,주간,10.2417,0
1039,M02,주간,10.2032,0
1040,M01,주간,9.7136,0
1041,M03,주간,10.2922,0
1042,M02,주간,10.2096,0
1043,M03,주간,10.0306,0
1044,M01,주간,9.7713,0
1045,M02,주간,9.7422,0
1046,M01,주간,9.8387,0
1047,M02,주간,10.1628,0
1048,M03,주간,9.7133,0
1049,M01,주간,10.1313,0
1050,M03,주간,9.6275,0
1051,M02,주간,9.9388,0
1052,M03,주간,10.0329,0
1053,M01,주간,10.7335,0
1054,M03,주간,9.5868,0
1055,M02,주간,10.4416,0
1056,M01,주간,10.045,0
1057,M01,주간,10.1234,0
1058,M03,주간,10.0355,0
1059,M03,주간,10.1334,0
1060,M01,주간,9.9539,0
1061,M02,주간,10.4362,0
1062,M03,주간,9.8631,0
1063,M02,주간,10.3397,0
1064,M01,주간,9.8067,0
1065,M02,주간,9.9819,0
1066,M02,주간,9.6784,0
1067,M01,주간,10.1365,0
1068,M03,주간,10.4335,0
1069,M01,주간,9.9768,0
1070,M03,주간,9.9409,0
1071,M03,주간,9.6656,0
1072,M03,주간,9.9312,0
1073,M03,주간,9.5222,0
1074,M01,주간,9.7261,0
1075,M01,주간,10.068,0
1076,M03,주간,10.3957,0
1077,M03,주간,10.8428,0
1078,M03,주간,9.824,0
1079,M02,주간,10.4306,0
1080,M02,주간,10.0731,0
1081,M01,주간,9.9546,0
1082,M01,주간,10.1298,0
1083,M02,주간,10.0186,0
1084,M01,주간,10.0331,0
1085,M01,주간,9.8775,0
1086,M01,주간,9.5806,0
1087,M01,주간,9.5369,0
1088,M03,주간,10.196,0
1089,M03,주간,9.917,0
1090,M03,주간,9.8212,0
1091,M01,주간,10.0026,0
1092,M02,주간,10.2385,0
1093,M03,주간,10.0541,0
1094,M02,주간,9.8032,0
1095,M02,주간,10.3679,0
1096,M03,주간,10.4738,0
1097,M03,주간,10.1484,0
1098,M03,주간,10.2921,0
1099,M02,주간,10.3726,0
1100,M02,주간,10.339,0
1101,M03,주간,10.1842,0
1102,M03,주간,10.1795,0
1103,M02,주간,10.1559,0
1104,M02,주간,9.6708,0
1105,M02,주간,10.2102,0
1106,M01,주간,9.5933,0
1107,M02,주간,9.7616,0
1108,M02,주간,10.3911,0
1109,M03,주간,10.2521,0
1110,M02,주간,10.4462,0
1111,M01,주간,9.9185,0
1112,M03,주간,9.6543,0
1113,M02,주간,9.9279,0
1114,M01,주간,10.0306,0
1115,M03,주간,10.0237,0
1116,M02,주간,10.3401,0
1117,M02,주간,9.8916,0
1118,M03,주간,10.1056,0
1119,M03,주간,9.7034,0
1120,M02,오후,10.1351,0
1121,M02,오후,10.0009,0
1122,M03,오후,9.7751,0
1123,M01,오후,9.9293,0
1124,M03,오후,9.9447,0
1125,M02,오후,9.919,0
1126,M03,오후,10.5314,0
1127,M02,오후,9.9705,0
1128,M03,오후,9.9268,0
1129,M01,오후,9.3708,0
1130,M03,오후,9.7317,0
1131,M01,오후,9.9211,0
1132,M02,오후,9.7942,0
1133,M01,오후,10.4145,0
1134,M03,오후,9.9505,0
1135,M03,오후,10.3865,0
1136,M01,오후,10.0185,0
1137,M03,오후,10.0112,0
1138,M01,오후,9.9734,0
1139,M02,오후,10.0011,0
1140,M01,오후,10.5156,0
1141,M01,오후,9.3041,0
1142,M01,오후,9.3995,0
1143,M02,오후,9.837,0
1144,M02,오후,10.0044,0
1145,M03,오후,10.207,0
1146,M01,오후,10.1419,0
1147,M03,오후,9.8847,0
1148,M01,오후,10.3057,0
1149,M01,오후,10.3091,0
1150,M01,오후,10.0552,0
1151,M01,오후,10.2888,0
1152,M02,오후,10.0818,0
1153,M03,오후,9.8316,0
1154,M03,오후,10.2093,0
1155,M03,오후,10.0332,0
1156,M02,오후,10.0004,0
1157,M01,오후,10.4419,0
1158,M02,오후,9.2647,0
1159,M03,오후,9.5747,0
1160,M01,오후,9.6439,0
1161,M01,오후,9.891,0
1162,M03,오후,9.9236,0
1163,M01,오후,9.5478,0
1164,M03,오후,9.7045,0
1165,M03,오후,9.7417,0
1166,M02,오후,10.7372,0
1167,M02,오후,10.5405,0
1168,M01,오후,9.8765,0
1169,M02,오후,9.8909,0
1170,M03,오후,9.6552,0
1171,M03,오후,9.4276,0
1172,M02,오후,9.9649,0
1173,M03,오후,9.7006,0
1174,M03,오후,9.9745,0
1175,M01,오후,9.5199,0
1176,M02,오후,9.7714,0
1177,M02,오후,10.0446,0
1178,M02,오후,10.1099,0
1179,M03,오후,10.1252,0
1180,M03,오후,9.6039,0
1181,M02,오후,10.2564,0
1182,M01,오후,9.7599,0
1183,M03,오후,10.1899,0
1184,M03,오후,9.9968,0
1185,M03,오후,9.5871,0
1186,M02,오후,9.9051,0
1187,M01,오후,10.1096,0
1188,M02,오후,10.1839,0
1189,M01,오후,9.9577,0
1190,M02,오후,10.4595,0
1191,M03,오후,10.3023,0
1192,M01,오후,9.923,0
1193,M03,오후,10.225,0
1194,M01,오후,10.5801,0
1195,M01,오후,10.5881,0
1196,M03,오후,9.6316,0
1197,M01,오후,9.722,0
1198,M03,오후,10.4455,0
1199,M03,오후,9.6825,0
1200,M01,오후,9.6032,0
1201,M01,오후,9.8541,0
1202,M01,오후,10.1261,0
1203,M01,오후,9.9693,0
1204,M03,오후,9.8048,0
1205,M03,오후,9.7977,0
1206,M03,오후,9.7863,0
1207,M03,오후,9.7361,0
1208,M03,오후,10.6845,0
1209,M03,오후,10.0893,0
1210,M03,오후,10.266,0
1211,M02,오후,9.8533,0
1212,M03,오후,9.9442,0
1213,M01,오후,9.7859,0
1214,M02,오후,9.2045,0
1215,M03,오후,9.5866,0
1216,M01,오후,9.4568,0
1217,M01,오후,9.3251,0
1218,M01,오후,9.6414,0
1219,M01,오후,10.3975,0
1220,M02,오후,9.9867,0
1221,M03,오후,10.3872,0
1222,M01,오후,10.1233,0
1223,M03,오후,10.2348,0
1224,M03,오후,9.7297,0
1225,M03,오후,10.1572,0
1226,M03,오후,10.2186,0
1227,M01,오후,9.827,0
1228,M02,오후,10.1679,0
1229,M03,오후,10.1699,0
1230,M03,오후,9.8351,0
1231,M02,오후,9.6632,0
1232,M03,오후,9.6448,0
1233,M03,오후,10.026,0
1234,M01,오후,10.0981,0
1235,M03,오후,9.7622,0
1236,M01,오후,10.008,0
1237,M02,오후,10.1712,0
1238,M01,오후,10.1855,0
1239,M03,오후,10.4656,0
1240,M01,오후,10.3831,0
1241,M02,오후,9.6996,0
1242,M03,오후,10.5051,0
1243,M03,오후,9.8407,0
1244,M01,오후,10.3135,0
1245,M03,오후,10.0204,0
1246,M02,오후,9.8764,0
1247,M03,오후,9.4577,0
1248,M02,오후,9.9485,0
1249,M01,오후,9.5322,0
1250,M01,오후,10.2902,0
1251,M01,오후,10.455,0
1252,M03,오후,9.7609,0
1253,M03,오후,10.0906,0
1254,M02,오후,9.7824,0
1255,M03,오후,9.8115,0
1256,M01,오후,10.2323,0
1257,M03,오후,9.9884,0
1258,M01,오후,10.5219,0
1259,M01,오후,9.8553,0
1260,M03,오후,10.2998,0
1261,M02,오후,10.0292,0
1262,M01,오후,10.2387,0
1263,M03,오후,9.8659,0
1264,M01,오후,9.9851,0
1265,M03,오후,9.9654,0
1266,M01,오후,9.7492,0
1267,M01,오후,10.1986,0
1268,M01,오후,10.1951,0
1269,M02,오후,10.1781,0
1270,M01,오후,10.4611,0
1271,M01,오후,10.4348,0
1272,M03,오후,9.8875,0
1273,M02,오후,10.1119,0
1274,M02,오후,9.8129,0
1275,M01,오후,10.007,0
1276,M01,오후,9.8201,0
1277,M01,오후,10.486,0
1278,M03,오후,10.1091,0
1279,M01,오후,9.9346,0
1280,M01,야간,10.3581,0
1281,M03,야간,9.3488,0
1282,M02,야간,9.3958,0
1283,M03,야간,10.2388,0
1284,M02,야간,10.0181,0
1285,M03,야간,10.0751,0
1286,M03,야간,9.6021,0
1287,M02,야간,9.993,0
1288,M03,야간,10.6011,0
1289,M02,야간,10.2473,0
1290,M03,야간,10.0509,0
1291,M02,야간,9.8683,0
1292,M03,야간,9.8816,0
1293,M02,야간,9.3612,0
1294,M02,야간,10.0773,0
1295,M02,야간,10.2536,0
1296,M03,야간,9.5273,0
1297,M03,야간,9.8016,0
1298,M03,야간,9.6528,0
1299,M03,야간,9.7104,0
1300,M01,야간,10.016,0
1301,M03,야간,9.3747,0
1302,M03,야간,10.1843,0
1303,M01,야간,10.2262,0
1304,M03,야간,9.9247,0
1305,M02,야간,9.2558,0
1306,M01,야간,9.7011,0
1307,M01,야간,10.3699,0
1308,M02,야간,9.1666,0
1309,M01,야간,9.8957,0
1310,M03,야간,9.646,0
1311,M03,야간,10.2414,0
1312,M03,야간,9.7975,0
1313,M02,야간,10.1212,0
1314,M02,야간,10.1696,0
1315,M03,야간,10.5509,0
1316,M03,야간,9.9391,0
1317,M01,야간,10.1128,0
1318,M02,야간,9.5545,0
1319,M03,야간,10.3571,0
1320,M03,야간,9.7718,0
1321,M03,야간,9.8318,0
1322,M01,야간,9.9933,0
1323,M02,야간,9.5311,0
1324,M01,야간,10.0686,0
1325,M03,야간,10.2902,0
1326,M02,야간,10.0879,0
1327,M01,야간,9.5233,0
1328,M01,야간,9.9629,0
1329,M03,야간,10.2226,0
1330,M03,야간,9.4366,0
1331,M03,야간,9.6776,0
1332,M03,야간,10.263,0
1333,M03,야간,10.081,0
1334,M03,야간,10.1236,0
1335,M03,야간,10.5578,0
1336,M03,야간,10.1406,0
1337,M02,야간,10.1974,0
1338,M03,야간,10.8132,0
1339,M03,야간,9.9359,0
1340,M01,야간,9.7606,0
1341,M03,야간,10.1283,0
1342,M02,야간,10.1317,0
1343,M01,야간,9.842,0
1344,M01,야간,9.6903,0
1345,M01,야간,10.693,0
1346,M03,야간,10.0981,0
1347,M03,야간,9.7803,0
1348,M01,야간,10.2748,0
1349,M02,야간,9.9673,0
1350,M02,야간,9.9241,0
1351,M02,야간,10.1687,0
1352,M02,야간,9.6124,0
1353,M03,야간,10.1058,0
1354,M02,야간,10.5739,0
1355,M02,야간,10.1399,0
1356,M02,야간,9.8871,0
1357,M02,야간,9.8479,0
1358,M03,야간,9.8769,0
1359,M02,야간,9.9238,0
1360,M03,야간,9.8867,0
1361,M02,야간,10.2749,0
1362,M03,야간,9.48,0
1363,M03,야간,10.2586,0
1364,M03,야간,9.8861,0
1365,M02,야간,10.1131,0
1366,M02,야간,9.6619,0
1367,M02,야간,10.3986,0
1368,M02,야간,10.3737,0
1369,M03,야간,10.2879,0
1370,M03,야간,9.5456,0
1371,M03,야간,10.2487,0
1372,M03,야간,10.1215,0
1373,M03,야간,9.5184,0
1374,M02,야간,9.9927,0
1375,M01,야간,10.1094,0
1376,M02,야간,10.1668,0
1377,M03,야간,10.0532,0
1378,M03,야간,10.0874,0
1379,M02,야간,10.4421,0
1380,M03,야간,10.3678,0
1381,M01,야간,9.1399,0
1382,M02,야간,9.9048,0
1383,M03,야간,9.9506,0
1384,M02,야간,9.4744,0
1385,M03,야간,10.0283,0
1386,M02,야간,10.3746,0
1387,M02,야간,9.674,0
1388,M02,야간,10.1009,0
1389,M03,야간,9.7253,0
1390,M01,야간,9.7984,0
1391,M01,야간,10.4432,0
1392,M02,야간,9.8372,0
1393,M01,야간,10.1387,0
1394,M02,야간,9.4386,0
1395,M02,야간,10.5587,0
1396,M01,야간,10.1808,0
1397,M02,야간,9.9453,0
1398,M02,야간,10.1727,0
1399,M03,야간,9.5771,0
1400,M01,야간,10.3548,0
1401,M03,야간,9.9028,0
1402,M02,야간,9.9388,0
1403,M03,야간,9.8525,0
1404,M01,야간,9.8258,0
1405,M01,야간,10.2084,0
1406,M02,야간,10.0768,0
1407,M02,야간,10.1955,0
1408,M02,야간,9.9974,0
1409,M01,야간,10.154,0
1410,M02,야간,9.8743,0
1411,M03,야간,10.6689,0
1412,M03,야간,9.5296,0
1413,M01,야간,10.3783,0
1414,M02,야간,10.4104,0
1415,M02,야간,9.7444,0
1416,M02,야간,10.6688,0
1417,M03,야간,10.2986,0
1418,M02,야간,10.2913,0
1419,M03,야간,10.0084,0
1420,M03,야간,9.9348,0
1421,M01,야간,9.9372,0
1422,M03,야간,10.1172,0
1423,M01,야간,10.4204,0
1424,M02,야간,10.0544,0
1425,M02,야간,9.7266,0
1426,M02,야간,10.2473,0
1427,M02,야간,10.2763,0
1428,M01,야간,10.1964,0
1429,M01,야간,10.2236,0
1430,M03,야간,9.9187,0
1431,M03,야간,9.7213,0
1432,M03,야간,9.7395,0
1433,M02,야간,9.5094,0
1434,M03,야간,10.0711,0
1435,M02,야간,9.975,0
1436,M01,야간,9.868,0
1437,M01,야간,9.1133,0
1438,M01,야간,9.6258,0
1439,M02,야간,10.3363,0
1440,M03,주간,9.8006,0
1441,M01,주간,10.1082,0
1442,M02,주간,9.5828,0
1443,M01,주간,10.4316,0
1444,M02,주간,9.9568,0
1445,M02,주간,10.087,0
1446,M01,주간,10.6977,0
1447,M02,주간,10.4549,0
1448,M01,주간,9.908,0
1449,M03,주간,9.822,0
1450,M03,주간,9.9023,0
1451,M03,주간,10.153,0
1452,M03,주간,9.9684,0
1453,M01,주간,9.8814,0
1454,M03,주간,10.4402,0
1455,M01,주간,9.9657,0
1456,M03,주간,10.6899,0
1457,M03,주간,10.0272,0
1458,M03,주간,10.5356,0
1459,M03,주간,10.1072,0
1460,M03,주간,10.2889,0
1461,M03,주간,9.7826,0
1462,M01,주간,9.7439,0
1463,M01,주간,10.1379,0
1464,M03,주간,10.2966,0
1465,M01,주간,10.0121,0
1466,M02,주간,9.6141,0
1467,M01,주간,9.5919,0
1468,M02,주간,9.5719,0
1469,M03,주간,9.4697,0
1470,M03,주간,10.0328,0
1471,M02,주간,10.3375,0
1472,M02,주간,9.996,0
1473,M02,주간,9.3219,0
1474,M02,주간,9.9428,0
1475,M02,주간,9.9512,0
1476,M03,주간,10.6288,0
1477,M01,주간,9.5629,0
1478,M02,주간,9.8828,0
1479,M02,주간,10.5118,0
1480,M02,주간,10.135,0
1481,M01,주간,10.169,0
1482,M01,주간,10.0344,0
1483,M02,주간,10.099,0
1484,M03,주간,10.2333,0
1485,M03,주간,9.7572,0
1486,M03,주간,10.2634,0
1487,M03,주간,9.5881,0
1488,M02,주간,10.0985,0
1489,M01,주간,10.0536,0
1490,M02,주간,9.8151,0
1491,M03,주간,9.9932,0
1492,M02,주간,9.8132,0
1493,M03,주간,9.6785,0
1494,M01,주간,9.8939,0
1495,M01,주간,9.6688,0
1496,M01,주간,10.0968,0
1497,M01,주간,9.655,0
1498,M02,주간,10.2136,0
1499,M02,주간,9.6456,0
1500,M02,주간,9.8301,0
1501,M01,주간,9.8126,0
1502,M02,주간,10.3975,0
1503,M01,주간,10.0991,0
1504,M02,주간,9.9365,0
1505,M01,주간,10.1496,0
1506,M01,주간,9.3678,0
1507,M01,주간,9.9871,0
1508,M01,주간,10.5993,0
1509,M02,주간,10.0397,0
1510,M02,주간,10.0204,0
1511,M02,주간,10.1644,0
1512,M02,주간,10.2687,0
1513,M01,주간,9.4008,0
1514,M01,주간,9.4953,0
1515,M03,주간,10.0631,0
1516,M03,주간,9.7855,0
1517,M01,주간,10.3936,0
1518,M01,주간,9.9054,0
1519,M01,주간,9.4196,0
1520,M01,주간,9.6196,0
1521,M01,주간,9.1751,0
1522,M02,주간,9.9298,0
1523,M03,주간,9.9435,0
1524,M03,주간,9.8727,0
1525,M03,주간,10.3237,0
1526,M02,주간,10.3596,0
1527,M02,주간,9.9489,0
1528,M02,주간,9.3596,0
1529,M01,주간,10.1852,0
1530,M02,주간,10.1666,0
1531,M01,주간,10.0928,0
1532,M02,주간,10.2944,0
1533,M01,주간,9.6506,0
1534,M03,주간,10.6026,0
1535,M03,주간,9.7122,0
1536,M03,주간,10.2248,0
1537,M01,주간,9.4938,0
1538,M01,주간,9.7209,0
1539,M03,주간,10.4549,0
1540,M03,주간,9.9217,0
1541,M02,주간,10.252,0
1542,M01,주간,10.0711,0
1543,M02,주간,9.9685,0
1544,M02,주간,10.4092,0
1545,M03,주간,9.929,0
1546,M02,주간,9.4658,0
1547,M01,주간,9.759,0
1548,M03,주간,10.1654,0
1549,M03,주간,10.1187,0
1550,M01,주간,9.5299,0
1551,M01,주간,9.7827,0
1552,M01,주간,9.8255,0
1553,M03,주간,9.8904,0
1554,M02,주간,9.5872,0
1555,M02,주간,9.8115,0
1556,M03,주간,9.7814,0
1557,M01,주간,10.2315,0
1558,M01,주간,10.2427,0
1559,M03,주간,9.9563,0
1560,M02,주간,9.8824,0
1561,M01,주간,10.042,0
1562,M03,주간,9.755,0
1563,M01,주간,9.656,0
1564,M03,주간,9.7179,0
1565,M03,주간,9.8096,0
1566,M03,주간,9.651,0
1567,M02,주간,10.0486,0
1568,M01,주간,10.2189,0
1569,M03,주간,9.5239,0
1570,M02,주간,10.0075,0
1571,M02,주간,9.934,0
1572,M01,주간,10.1025,0
1573,M02,주간,9.9961,0
1574,M02,주간,9.5639,0
1575,M01,주간,9.6213,0
1576,M03,주간,10.0088,0
1577,M01,주간,10.3086,0
1578,M03,주간,9.3357,0
1579,M03,주간,10.1037,0
1580,M02,주간,10.3569,0
1581,M01,주간,9.9541,0
1582,M02,주간,10.1651,0
1583,M02,주간,9.7891,0
1584,M02,주간,9.9642,0
1585,M01,주간,9.5137,0
1586,M02,주간,9.2967,0
1587,M01,주간,10.2828,0
1588,M02,주간,9.7045,0
1589,M02,주간,9.8633,0
1590,M02,주간,9.5841,0
1591,M03,주간,9.577,0
1592,M03,주간,9.9478,0
1593,M03,주간,9.7811,0
1594,M03,주간,10.1134,0
1595,M03,주간,10.1358,0
1596,M01,주간,10.0963,0
1597,M01,주간,10.0716,0
1598,M02,주간,10.4733,0
1599,M02,주간,9.6797,0
1600,M03,오후,9.9835,0
1601,M01,오후,10.3398,0
1602,M01,오후,10.3794,0
1603,M03,오후,9.5735,0
1604,M03,오후,9.9063,0
1605,M01,오후,10.4074,0
1606,M01,오후,10.1524,0
1607,M02,오후,10.0586,0
1608,M02,오후,9.9347,0
1609,M01,오후,9.8849,0
1610,M02,오후,10.0865,0
1611,M03,오후,9.9243,0
1612,M03,오후,9.9872,0
1613,M03,오후,10.0236,0
1614,M02,오후,9.7966,0
1615,M03,오후,10.1596,0
1616,M01,오후,10.8743,0
1617,M01,오후,9.4669,0
1618,M01,오후,10.0972,0
1619,M03,오후,9.7719,0
1620,M02,오후,10.1732,0
1621,M01,오후,10.014,0
1622,M03,오후,10.2286,0
1623,M01,오후,10.3527,0
1624,M02,오후,10.0577,0
1625,M01,오후,10.3396,0
1626,M01,오후,9.2967,0
1627,M01,오후,10.4771,0
1628,M01,오후,10.1125,0
1629,M02,오후,10.3234,0
1630,M01,오후,9.634,0
1631,M01,오후,9.7508,0
1632,M02,오후,10.0438,0
1633,M02,오후,9.9949,0
1634,M02,오후,10.0849,0
1635,M02,오후,10.3254,0
1636,M03,오후,9.4704,0
1637,M03,오후,10.2921,0
1638,M01,오후,10.0025,0
1639,M03,오후,9.9389,0
1640,M02,오후,9.5587,0
1641,M02,오후,10.1509,0
1642,M03,오후,9.2758,0
1643,M01,오후,10.1945,0
1644,M02,오후,9.5524,0
1645,M03,오후,10.016,0
1646,M03,오후,9.9642,0
1647,M01,오후,10.3509,0
1648,M02,오후,9.9464,0
1649,M01,오후,9.7918,0
1650,M01,오후,9.848,0
1651,M01,오후,10.3819,0
1652,M02,오후,10.1609,0
1653,M03,오후,9.8843,0
1654,M02,오후,9.9291,0
1655,M02,오후,9.5298,0
1656,M03,오후,10.1165,0
1657,M02,오후,9.4721,0
1658,M03,오후,10.2255,0
1659,M02,오후,10.0386,0
1660,M01,오후,10.7161,0
1661,M02,오후,9.67,0
1662,M02,오후,9.9692,0
1663,M02,오후,10.5395,0
1664,M03,오후,10.3574,0
1665,M01,오후,9.7911,0
1666,M02,오후,10.0672,0
1667,M02,오후,10.0006,0
1668,M01,오후,10.0846,0
1669,M02,오후,9.7904,0
1670,M03,오후,9.9732,0
1671,M02,오후,9.5206,0
1672,M01,오후,10.0405,0
1673,M01,오후,10.135,0
1674,M02,오후,9.9318,0
1675,M03,오후,9.5155,0
1676,M01,오후,10.2966,0
1677,M01,오후,10.1094,0
1678,M03,오후,9.7822,0
1679,M01,오후,9.9158,0
1680,M01,오후,9.5498,0
1681,M01,오후,9.6924,0
1682,M03,오후,9.8387,0
1683,M02,오후,10.3685,0
1684,M01,오후,9.8081,0
1685,M01,오후,10.1921,0
1686,M03,오후,9.8385,0
1687,M03,오후,10.0744,0
1688,M01,오후,9.9576,0
1689,M01,오후,10.2619,0
1690,M01,오후,9.8396,0
1691,M03,오후,9.5282,0
1692,M01,오후,9.5854,0
1693,M01,오후,9.8404,0
1694,M02,오후,9.6253,0
1695,M02,오후,10.1231,0
1696,M02,오후,9.8603,0
1697,M03,오후,10.7124,0
1698,M01,오후,9.4787,0
1699,M02,오후,10.0611,0
1700,M02,오후,9.6616,0
1701,M01,오후,9.852,0
1702,M03,오후,10.0424,0
1703,M02,오후,9.3024,0
1704,M02,오후,10.071,0
1705,M03,오후,10.5709,0
1706,M01,오후,9.864,0
1707,M03,오후,10.0779,0
1708,M03,오후,10.3075,0
1709,M01,오후,9.9508,0
1710,M03,오후,9.8257,0
1711,M03,오후,9.3173,0
1712,M02,오후,10.1923,0
1713,M02,오후,9.966,0
1714,M03,오후,9.6962,0
1715,M01,오후,10.038,0
1716,M01,오후,9.8249,0
1717,M02,오후,9.8415,0
1718,M03,오후,10.1819,0
1719,M02,오후,9.5985,0
1720,M01,오후,10.3142,0
1721,M02,오후,9.5807,0
1722,M01,오후,9.8012,0
1723,M03,오후,10.5769,0
1724,M02,오후,10.3382,0
1725,M02,오후,10.0293,0
1726,M02,오후,9.7178,0
1727,M03,오후,9.8412,0
1728,M03,오후,10.022,0
1729,M02,오후,10.0113,0
1730,M02,오후,9.9727,0
1731,M01,오후,9.9908,0
1732,M02,오후,9.9357,0
1733,M02,오후,9.5674,0
1734,M02,오후,9.845,0
1735,M03,오후,10.2744,0
1736,M03,오후,9.5895,0
1737,M02,오후,9.9431,0
1738,M02,오후,9.7541,0
1739,M01,오후,10.0334,0
1740,M02,오후,9.8834,0
1741,M03,오후,10.4432,0
1742,M03,오후,10.152,0
1743,M03,오후,9.6065,0
1744,M02,오후,10.2014,0
1745,M03,오후,9.7676,0
1746,M03,오후,9.8269,0
1747,M02,오후,10.0941,0
1748,M01,오후,9.8525,0
1749,M02,오후,10.2679,0
1750,M03,오후,9.7676,0
1751,M02,오후,9.8143,0
1752,M03,오후,9.8031,0
1753,M03,오후,9.8303,0
1754,M01,오후,10.3298,0
1755,M03,오후,10.1886,0
1756,M02,오후,10.513,0
1757,M03,오후,10.6803,0
1758,M02,오후,9.6908,0
1759,M02,오후,10.0211,0
1760,M01,야간,9.6471,0
1761,M01,야간,9.7667,0
1762,M02,야간,9.811,0
1763,M02,야간,9.6829,0
1764,M02,야간,9.6844,0
1765,M01,야간,9.9567,0
1766,M02,야간,9.635,0
1767,M01,야간,10.2526,0
1768,M01,야간,9.7247,0
1769,M02,야간,10.8429,0
1770,M02,야간,9.8646,0
1771,M02,야간,10.0216,0
1772,M03,야간,9.6114,0
1773,M03,야간,10.5118,0
1774,M02,야간,10.3359,0
1775,M03,야간,10.0891,0
1776,M01,야간,9.596,0
1777,M03,야간,10.0632,0
1778,M02,야간,9.6636,0
1779,M03,야간,10.4387,0
1780,M03,야간,10.2428,0
1781,M03,야간,10.0286,0
1782,M03,야간,9.2691,0
1783,M01,야간,9.705,0
1784,M01,야간,10.2063,0
1785,M02,야간,10.3639,0
1786,M02,야간,10.3328,0
1787,M01,야간,9.5224,0
1788,M03,야간,10.0905,0
1789,M01,야간,10.3047,0
1790,M03,야간,9.5025,0
1791,M01,야간,9.9976,0
1792,M02,야간,10.0822,0
1793,M03,야간,9.9098,0
1794,M02,야간,9.4444,0
1795,M03,야간,9.9023,0
1796,M03,야간,9.9018,0
1797,M03,야간,9.9556,0
1798,M02,야간,9.831,0
1799,M03,야간,9.8671,0
1800,M02,야간,9.9881,0
1801,M03,야간,10.1327,0
1802,M03,야간,9.9087,0
1803,M01,야간,9.8771,0
1804,M02,야간,10.0277,0
1805,M03,야간,9.4237,0
1806,M01,야간,10.1431,0
1807,M03,야간,9.9998,0
1808,M01,야간,10.0119,0
1809,M03,야간,10.2882,0
1810,M03,야간,9.4142,0
1811,M01,야간,9.4078,0
1812,M03,야간,10.0821,0
1813,M01,야간,9.9979,0
1814,M02,야간,10.0511,0
1815,M03,야간,9.8614,0
1816,M01,야간,10.1993,0
1817,M01,야간,10.2798,0
1818,M02,야간,10.1452,0
1819,M02,야간,9.9218,0
1820,M01,야간,9.3677,0
1821,M02,야간,10.2308,0
1822,M01,야간,10.3665,0
1823,M01,야간,10.1934,0
1824,M01,야간,9.7361,0
1825,M01,야간,10.2021,0
1826,M03,야간,10.2582,0
1827,M03,야간,10.4676,0
1828,M02,야간,9.7372,0
1829,M03,야간,9.9321,0
1830,M02,야간,10.2242,0
1831,M03,야간,10.0172,0
1832,M01,야간,9.6648,0
1833,M01,야간,10.1244,0
1834,M03,야간,10.1736,0
1835,M01,야간,10.0264,0
1836,M03,야간,10.0659,0
1837,M02,야간,9.9224,0
1838,M02,야간,10.4435,0
1839,M02,야간,9.7298,0
1840,M03,야간,9.8238,0
1841,M01,야간,10.0033,0
1842,M03,야간,10.2637,0
1843,M03,야간,9.5508,0
1844,M03,야간,9.6069,0
1845,M03,야간,9.3887,0
1846,M03,야간,10.0098,0
1847,M02,야간,9.6645,0
1848,M02,야간,9.8846,0
1849,M02,야간,10.1984,0
1850,M03,야간,9.8075,0
1851,M02,야간,10.0694,0
1852,M02,야간,9.9102,0
1853,M01,야간,10.2016,0
1854,M01,야간,10.1425,0
1855,M01,야간,9.7924,0
1856,M02,야간,9.9494,0
1857,M02,야간,10.3131,0
1858,M03,야간,10.118,0
1859,M02,야간,9.5809,0
1860,M01,야간,10.1967,0
1861,M02,야간,9.6746,0
1862,M01,야간,10.4238,0
1863,M03,야간,10.3072,0
1864,M03,야간,10.087,0
1865,M01,야간,10.0472,0
1866,M01,야간,9.9373,0
1867,M01,야간,10.2036,0
1868,M02,야간,9.8888,0
1869,M01,야간,10.0707,0
1870,M03,야간,10.2616,0
1871,M01,야간,9.8315,0
1872,M02,야간,9.8151,0
1873,M02,야간,9.6417,0
1874,M01,야간,9.6807,0
1875,M03,야간,9.4515,0
1876,M01,야간,10.2189,0
1877,M03,야간,10.5427,0
1878,M03,야간,10.4276,0
1879,M02,야간,9.5122,0
1880,M03,야간,10.2175,0
1881,M02,야간,10.4266,0
1882,M01,야간,9.863,0
1883,M01,야간,10.0304,0
1884,M03,야간,9.3976,0
1885,M02,야간,10.08,0
1886,M03,야간,9.6809,0
1887,M01,야간,10.0599,0
1888,M03,야간,9.5316,0
1889,M03,야간,10.1629,0
1890,M01,야간,10.3074,0
1891,M02,야간,9.765,0
1892,M03,야간,9.6589,0
1893,M01,야간,9.3532,0
1894,M01,야간,9.9201,0
1895,M01,야간,9.8255,0
1896,M02,야간,9.5347,0
1897,M01,야간,10.1359,0
1898,M02,야간,9.865,0
1899,M03,야간,9.6773,0
1900,M01,야간,9.8336,0
1901,M01,야간,10.3214,0
1902,M02,야간,10.1809,0
1903,M01,야간,9.961,0
1904,M01,야간,10.1857,0
1905,M01,야간,9.6517,0
1906,M01,야간,10.0097,0
1907,M03,야간,10.0442,0
1908,M01,야간,9.859,0
1909,M02,야간,10.1306,0
1910,M03,야간,9.7659,0
1911,M02,야간,10.1529,0
1912,M02,야간,10.1656,0
1913,M02,야간,9.1249,0
1914,M03,야간,10.3571,0
1915,M01,야간,9.0857,0
1916,M01,야간,9.8152,0
1917,M03,야간,10.3076,0
1918,M01,야간,9.9048,0
1919,M01,야간,9.5601,0
1920,M01,주간,9.6719,0
1921,M01,주간,10.3081,0
1922,M01,주간,9.4235,0
1923,M02,주간,10.3387,0
1924,M02,주간,9.9835,0
1925,M01,주간,9.6423,0
1926,M03,주간,9.8251,0
1927,M01,주간,9.6948,0
1928,M03,주간,10.2599,0
1929,M03,주간,10.2197,0
1930,M02,주간,9.4843,0
1931,M02,주간,9.8789,0
1932,M01,주간,9.741,0
1933,M01,주간,10.3881,0
1934,M03,주간,9.595,0
1935,M02,주간,10.4813,0
1936,M01,주간,9.99,0
1937,M03,주간,9.6514,0
1938,M03,주간,9.7968,0
1939,M01,주간,9.7595,0
1940,M01,주간,9.6176,0
1941,M01,주간,10.0284,0
1942,M01,주간,9.6316,0
1943,M02,주간,9.3459,0
1944,M01,주간,9.8861,0
1945,M02,주간,9.4591,0
1946,M01,주간,9.7744,0
1947,M03,주간,9.7273,0
1948,M03,주간,9.7386,0
1949,M02,주간,10.6003,0
1950,M02,주간,10.0169,0
1951,M01,주간,10.0736,0
1952,M01,주간,9.4671,0
1953,M02,주간,9.8038,0
1954,M01,주간,10.0646,0
1955,M02,주간,9.6926,0
1956,M02,주간,10.2724,0
1957,M01,주간,9.6392,0
1958,M02,주간,9.9141,0
1959,M02,주간,9.8242,0
1960,M03,주간,10.0493,0
1961,M01,주간,9.8079,0
1962,M02,주간,9.9187,0
1963,M03,주간,9.9292,0
1964,M01,주간,9.7797,0
1965,M03,주간,10.1455,0
1966,M03,주간,10.0715,0
1967,M02,주간,9.9734,0
1968,M03,주간,9.8709,0
1969,M03,주간,10.239,0
1970,M01,주간,9.9292,0
1971,M03,주간,9.908,0
1972,M01,주간,10.0314,0
1973,M01,주간,10.509,0
1974,M01,주간,9.5979,0
1975,M02,주간,10.231,0
1976,M03,주간,9.432,0
1977,M02,주간,10.0652,0
1978,M02,주간,10.4725,0
1979,M01,주간,10.1466,0
1980,M02,주간,10.0512,0
1981,M02,주간,9.8319,0
1982,M02,주간,10.0093,0
1983,M01,주간,9.9244,0
1984,M01,주간,9.7642,0
1985,M03,주간,9.913,0
1986,M02,주간,10.0595,0
1987,M02,주간,9.7698,0
1988,M01,주간,9.7581,0
1989,M03,주간,9.5919,0
1990,M02,주간,10.1172,0
1991,M02,주간,10.1636,0
1992,M03,주간,10.0695,0
1993,M01,주간,10.2896,0
1994,M02,주간,10.0264,0
1995,M03,주간,10.1176,0
1996,M02,주간,10.0912,0
1997,M01,주간,9.9725,0
1998,M01,주간,9.8408,0
1999,M01,주간,10.6642,0
2000,M02,주간,9.4577,1
2001,M02,주간,9.2009,1
2002,M01,주간,10.5208,1
2003,M03,주간,10.3022,1
2004,M01,주간,8.3143,1
2005,M02,주간,11.3472,1
2006,M03,주간,9.887,1
2007,M01,주간,8.6669,1
2008,M01,주간,11.4265,1
2009,M01,주간,10.7508,1
2010,M02,주간,8.4825,1
2011,M01,주간,12.1326,1
2012,M03,주간,10.7906,1
2013,M01,주간,9.9878,1
2014,M03,주간,11.9083,1
2015,M02,주간,10.1912,1
2016,M01,주간,9.9663,1
2017,M01,주간,9.2076,1
2018,M01,주간,10.6982,1
2019,M01,주간,10.5719,1
2020,M01,주간,10.0176,1
2021,M02,주간,9.052,1
2022,M01,주간,10.1559,1
2023,M03,주간,9.9162,1
2024,M01,주간,8.3998,1
2025,M01,주간,8.2338,1
2026,M01,주간,10.6782,1
2027,M01,주간,6.8777,1
2028,M03,주간,10.2465,1
2029,M01,주간,9.4263,1
2030,M01,주간,11.5699,1
2031,M03,주간,9.4078,1
2032,M02,주간,10.7914,1
2033,M01,주간,9.5237,1
2034,M03,주간,10.1365,1
2035,M01,주간,10.8842,1
2036,M01,주간,9.4449,1
2037,M02,주간,11.1959,1
2038,M03,주간,8.8076,1
2039,M01,주간,10.3535,1
2040,M03,주간,11.1072,1
2041,M01,주간,10.792,1
2042,M03,주간,12.2997,1
2043,M01,주간,9.0839,1
2044,M02,주간,8.345,1
2045,M02,주간,8.8068,1
2046,M01,주간,10.7925,1
2047,M02,주간,10.5975,1
2048,M03,주간,10.1227,1
2049,M02,주간,8.6525,1
2050,M02,주간,10.9202,1
2051,M03,주간,8.5304,1
2052,M03,주간,11.3907,1
2053,M01,주간,13.4289,1
2054,M03,주간,10.4397,1
2055,M03,주간,10.6997,1
2056,M03,주간,9.4086,1
2057,M03,주간,7.8277,1
2058,M03,주간,9.2767,1
2059,M03,주간,8.6885,1
2060,M01,주간,8.2636,1
2061,M03,주간,12.0668,1
2062,M01,주간,10.3274,1
2063,M02,주간,10.4556,1
2064,M03,주간,9.6292,1
2065,M01,주간,9.7926,1
2066,M03,주간,11.1575,1
2067,M02,주간,9.9612,1
2068,M01,주간,10.6368,1
2069,M01,주간,9.7648,1
2070,M02,주간,9.5894,1
2071,M02,주간,8.3117,1
2072,M02,주간,7.6267,1
2073,M01,주간,9.6861,1
2074,M01,주간,10.0678,1
2075,M01,주간,8.4566,1
2076,M01,주간,9.9586,1
2077,M03,주간,10.0645,1
2078,M01,주간,7.4128,1
2079,M03,주간,8.9019,1
2080,M01,오후,10.4887,1
2081,M02,오후,10.4645,1
2082,M03,오후,8.6156,1
2083,M02,오후,10.1901,1
2084,M01,오후,11.2269,1
2085,M02,오후,10.9325,1
2086,M01,오후,9.8857,1
2087,M03,오후,9.4384,1
2088,M03,오후,9.2448,1
2089,M02,오후,10.5614,1
2090,M02,오후,10.2341,1
2091,M02,오후,10.7553,1
2092,M03,오후,10.1582,1
2093,M02,오후,10.9825,1
2094,M03,오후,10.1135,1
2095,M02,오후,10.9416,1
2096,M01,오후,11.045,1
2097,M03,오후,9.0346,1
2098,M02,오후,7.8302,1
2099,M03,오후,11.8522,1
2100,M02,오후,10.308,1
2101,M02,오후,7.9426,1
2102,M02,오후,9.1434,1
2103,M02,오후,10.9262,1
2104,M03,오후,9.6644,1
2105,M02,오후,9.3855,1
2106,M03,오후,11.6811,1
2107,M02,오후,8.7433,1
2108,M01,오후,9.0422,1
2109,M03,오후,10.2537,1
2110,M02,오후,10.4685,1
2111,M03,오후,10.5956,1
2112,M02,오후,11.0935,1
2113,M02,오후,10.2383,1
2114,M03,오후,10.5873,1
2115,M02,오후,9.6889,1
2116,M03,오후,10.0752,1
2117,M02,오후,10.129,1
2118,M01,오후,10.2581,1
2119,M01,오후,10.927,1
2120,M03,오후,10.6662,1
2121,M02,오후,10.0531,1
2122,M02,오후,9.029,1
2123,M03,오후,10.0812,1
2124,M02,오후,9.9664,1
2125,M02,오후,10.2318,1
2126,M03,오후,12.6478,1
2127,M01,오후,9.3715,1
2128,M01,오후,10.5067,1
2129,M03,오후,11.2822,1
2130,M01,오후,10.1176,1
2131,M03,오후,12.8054,1
2132,M01,오후,9.5464,1
2133,M01,오후,10.3889,1
2134,M03,오후,9.0414,1
2135,M02,오후,9.5782,1
2136,M03,오후,10.2987,1
2137,M02,오후,11.0156,1
2138,M01,오후,10.3829,1
2139,M03,오후,11.5109,1
2140,M01,오후,9.886,1
2141,M01,오후,9.6014,1
2142,M03,오후,13.2448,1
2143,M01,오후,10.4731,1
2144,M02,오후,9.1366,1
2145,M02,오후,9.1669,1
2146,M03,오후,8.8688,1
2147,M01,오후,11.1239,1
2148,M01,오후,9.5627,1
2149,M02,오후,10.1528,1
2150,M02,오후,9.9238,1
2151,M03,오후,10.8778,1
2152,M02,오후,8.9839,1
2153,M01,오후,8.7093,1
2154,M03,오후,10.2692,1
2155,M02,오후,10.7212,1
2156,M03,오후,10.399,1
2157,M03,오후,9.0287,1
2158,M01,오후,10.813,1
2159,M02,오후,9.1074,1
2160,M02,오후,9.3742,1
2161,M02,오후,8.8673,1
2162,M01,오후,11.5614,1
2163,M02,오후,10.7601,1
2164,M02,오후,10.726,1
2165,M01,오후,11.4967,1
2166,M01,오후,13.3752,1
2167,M01,오후,7.9489,1
2168,M03,오후,9.1139,1
2169,M03,오후,9.2606,1
2170,M02,오후,8.979,1
2171,M02,오후,8.7069,1
2172,M01,오후,9.6404,1
2173,M01,오후,8.5401,1
2174,M03,오후,10.4021,1
2175,M01,오후,10.062,1
2176,M01,오후,10.5772,1
2177,M03,오후,10.6093,1
2178,M02,오후,10.7236,1
2179,M01,오후,9.5519,1
2180,M02,오후,12.5454,1
2181,M03,오후,10.2813,1
2182,M02,오후,7.765,1
2183,M02,오후,8.7971,1
2184,M02,오후,7.9114,1
2185,M02,오후,10.0208,1
2186,M03,오후,9.8538,1
2187,M01,오후,9.4379,1
2188,M01,오후,12.4131,1
2189,M01,오후,10.6588,1
2190,M02,오후,10.8713,1
2191,M02,오후,8.8827,1
2192,M02,오후,8.801,1
2193,M03,오후,10.0442,1
2194,M02,오후,10.2076,1
2195,M01,오후,7.7724,1
2196,M02,오후,9.7836,1
2197,M02,오후,10.0169,1
2198,M02,오후,9.7418,1
2199,M02,오후,9.0239,1
2200,M03,오후,9.3526,1
2201,M01,오후,9.7878,1
2202,M01,오후,10.109,1
2203,M02,오후,10.7257,1
2204,M01,오후,11.297,1
2205,M01,오후,9.6468,1
2206,M02,오후,9.4526,1
2207,M02,오후,10.5252,1
2208,M02,오후,10.733,1
2209,M01,오후,9.479,1
2210,M03,오후,10.9485,1
2211,M02,오후,11.1755,1
2212,M01,오후,11.55,1
2213,M01,오후,12.134,1
2214,M01,오후,8.9603,1
2215,M02,오후,10.0167,1
2216,M02,오후,10.0135,1
2217,M02,오후,9.8823,1
2218,M02,오후,9.2209,1
2219,M03,오후,8.2173,1
2220,M03,오후,10.1112,1
2221,M02,오후,9.078,1
2222,M03,오후,10.1032,1
2223,M03,오후,9.0471,1
2224,M03,오후,8.6804,1
2225,M01,오후,10.2812,1
2226,M02,오후,10.1811,1
2227,M02,오후,10.6951,1
2228,M01,오후,12.623,1
2229,M01,오후,10.3327,1
2230,M02,오후,10.5821,1
2231,M02,오후,8.7069,1
2232,M03,오후,8.4557,1
2233,M03,오후,11.8994,1
2234,M01,오후,8.8918,1
2235,M03,오후,8.7473,1
2236,M02,오후,9.9531,1
2237,M02,오후,9.8918,1
2238,M03,오후,8.917,1
2239,M02,오후,9.634,1
2240,M01,야간,11.4753,1
2241,M01,야간,9.0328,1
2242,M02,야간,8.3276,1
2243,M01,야간,11.1311,1
2244,M01,야간,10.5908,1
2245,M03,야간,9.2554,1
2246,M01,야간,8.1014,1
2247,M01,야간,9.1065,1
2248,M02,야간,9.9344,1
2249,M01,야간,11.3988,1
2250,M01,야간,8.7561,1
2251,M03,야간,9.8986,1
2252,M02,야간,10.8102,1
2253,M03,야간,7.1425,1
2254,M02,야간,11.2405,1
2255,M02,야간,8.5811,1
2256,M01,야간,10.3984,1
2257,M02,야간,10.296,1
2258,M01,야간,11.3015,1
2259,M03,야간,10.6611,1
2260,M01,야간,7.1473,1
2261,M01,야간,9.0583,1
2262,M02,야간,10.1658,1
2263,M02,야간,9.766,1
2264,M01,야간,10.5731,1
2265,M02,야간,10.9472,1
2266,M01,야간,10.7301,1
2267,M03,야간,9.7429,1
2268,M02,야간,7.7844,1
2269,M03,야간,9.4534,1
2270,M03,야간,10.4996,1
2271,M02,야간,8.6915,1
2272,M03,야간,10.7575,1
2273,M01,야간,11.0901,1
2274,M03,야간,10.1522,1
2275,M02,야간,6.3235,1
2276,M03,야간,8.4663,1
2277,M01,야간,12.2634,1
2278,M01,야간,9.3442,1
2279,M03,야간,7.619,1
2280,M02,야간,11.4823,1
2281,M01,야간,10.016,1
2282,M02,야간,11.3259,1
2283,M01,야간,10.3324,1
2284,M02,야간,10.5503,1
2285,M03,야간,10.4356,1
2286,M03,야간,10.837,1
2287,M02,야간,12.7329,1
2288,M02,야간,11.1652,1
2289,M03,야간,8.1036,1
2290,M01,야간,10.536,1
2291,M01,야간,11.3698,1
2292,M01,야간,11.4432,1
2293,M03,야간,9.4881,1
2294,M02,야간,11.3979,1
2295,M01,야간,11.1133,1
2296,M01,야간,13.087,1
2297,M01,야간,9.1,1
2298,M03,야간,9.3911,1
2299,M02,야간,9.6327,1
2300,M01,야간,9.4117,1
2301,M01,야간,8.932,1
2302,M02,야간,6.6848,1
2303,M02,야간,9.4784,1
2304,M03,야간,10.4432,1
2305,M01,야간,9.4081,1
2306,M01,야간,12.3225,1
2307,M01,야간,10.0161,1
2308,M02,야간,11.5492,1
2309,M03,야간,10.3137,1
2310,M02,야간,10.9917,1
2311,M01,야간,10.3351,1
2312,M02,야간,11.6425,1
2313,M02,야간,10.0671,1
2314,M01,야간,10.5953,1
2315,M03,야간,10.4396,1
2316,M02,야간,9.6541,1
2317,M01,야간,10.486,1
2318,M02,야간,12.6813,1
2319,M03,야간,9.6755,1
2320,M03,야간,10.5034,1
2321,M01,야간,11.5093,1
2322,M03,야간,11.3683,1
2323,M02,야간,10.0141,1
2324,M02,야간,7.1399,1
2325,M01,야간,10.62,1
2326,M03,야간,7.3366,1
2327,M03,야간,11.7639,1
2328,M01,야간,10.2034,1
2329,M02,야간,11.1996,1
2330,M03,야간,8.9175,1
2331,M02,야간,8.137,1
2332,M01,야간,10.3129,1
2333,M03,야간,9.9597,1
2334,M01,야간,9.4102,1
2335,M02,야간,10.1016,1
2336,M02,야간,13.3209,1
2337,M03,야간,11.0014,1
2338,M02,야간,11.2594,1
2339,M03,야간,11.0127,1
2340,M03,야간,11.7754,1
2341,M03,야간,9.7719,1
2342,M03,야간,7.5343,1
2343,M03,야간,9.7737,1
2344,M03,야간,10.9741,1
2345,M03,야간,8.8362,1
2346,M02,야간,9.7884,1
2347,M01,야간,9.1699,1
2348,M01,야간,11.8024,1
2349,M03,야간,10.8993,1
2350,M01,야간,10.7818,1
2351,M03,야간,10.7459,1
2352,M03,야간,9.9553,1
2353,M02,야간,10.2371,1
2354,M03,야간,8.5778,1
2355,M01,야간,7.3763,1
2356,M02,야간,10.1801,1
2357,M03,야간,10.3888,1
2358,M03,야간,11.4511,1
2359,M01,야간,11.8856,1
2360,M03,야간,11.884,1
2361,M02,야간,8.8024,1
2362,M03,야간,9.5773,1
2363,M02,야간,10.5764,1
2364,M02,야간,13.0383,1
2365,M01,야간,11.7761,1
2366,M02,야간,11.3433,1
2367,M03,야간,9.5347,1
2368,M03,야간,8.9402,1
2369,M01,야간,10.9467,1
2370,M01,야간,8.6792,1
2371,M03,야간,9.7139,1
2372,M02,야간,9.8623,1
2373,M03,야간,11.9115,1
2374,M01,야간,9.5744,1
2375,M02,야간,7.0729,1
2376,M01,야간,10.6053,1
2377,M03,야간,9.1612,1
2378,M03,야간,10.0512,1
2379,M01,야간,9.896,1
2380,M01,야간,9.6716,1
2381,M03,야간,10.9484,1
2382,M01,야간,8.1606,1
2383,M03,야간,9.3796,1
2384,M03,야간,10.8208,1
2385,M01,야간,9.2631,1
2386,M01,야간,8.0694,1
2387,M03,야간,10.8023,1
2388,M01,야간,11.3477,1
2389,M02,야간,9.946,1
2390,M01,야간,7.647,1
2391,M02,야간,10.8472,1
2392,M02,야간,8.0081,1
2393,M03,야간,10.3706,1
2394,M03,야간,8.935,1
2395,M02,야간,8.6082,1
2396,M02,야간,9.4697,1
2397,M02,야간,9.78,1
2398,M03,야간,9.227,1
2399,M01,야간,10.7064,1
2400,M01,주간,9.4647,1
2401,M02,주간,11.1762,1
2402,M03,주간,10.3374,1
2403,M03,주간,9.1629,1
2404,M01,주간,8.9609,1
2405,M01,주간,8.023,1
2406,M02,주간,10.3489,1
2407,M02,주간,9.5745,1
2408,M02,주간,7.1534,1
2409,M01,주간,9.3571,1
2410,M03,주간,8.9188,1
2411,M03,주간,11.8908,1
2412,M03,주간,7.9567,1
2413,M02,주간,8.2704,1
2414,M01,주간,11.332,1
2415,M02,주간,11.6281,1
2416,M01,주간,9.106,1
2417,M01,주간,9.2415,1
2418,M02,주간,10.7395,1
2419,M02,주간,7.2075,1
2420,M01,주간,7.7666,1
2421,M03,주간,9.6631,1
2422,M01,주간,11.8599,1
2423,M02,주간,9.4771,1
2424,M02,주간,10.1211,1
2425,M02,주간,11.3605,1
2426,M03,주간,12.5283,1
2427,M03,주간,9.3078,1
2428,M03,주간,9.9798,1
2429,M02,주간,12.1865,1
2430,M01,주간,8.1734,1
2431,M02,주간,11.2331,1
2432,M02,주간,8.778,1
2433,M02,주간,10.123,1
2434,M02,주간,9.7089,1
2435,M01,주간,8.8504,1
2436,M02,주간,8.8203,1
2437,M03,주간,10.3317,1
2438,M02,주간,11.1946,1
2439,M03,주간,9.8443,1
2440,M03,주간,10.0841,1
2441,M03,주간,10.6854,1
2442,M01,주간,8.8341,1
2443,M03,주간,10.8876,1
2444,M02,주간,10.9832,1
2445,M02,주간,13.1244,1
2446,M02,주간,9.5487,1
2447,M01,주간,9.4503,1
2448,M03,주간,10.9228,1
2449,M02,주간,10.9829,1
2450,M03,주간,9.3579,1
2451,M03,주간,9.5162,1
2452,M02,주간,10.6494,1
2453,M03,주간,9.0069,1
2454,M02,주간,9.5074,1
2455,M02,주간,10.1075,1
2456,M03,주간,11.1951,1
2457,M03,주간,9.2745,1
2458,M03,주간,7.7891,1
2459,M03,주간,7.7001,1
2460,M02,주간,8.4887,1
2461,M03,주간,8.4242,1
2462,M01,주간,9.8145,1
2463,M03,주간,8.5733,1
2464,M02,주간,9.1567,1
2465,M02,주간,9.0711,1
2466,M03,주간,9.4714,1
2467,M01,주간,11.587,1
2468,M03,주간,10.7943,1
2469,M02,주간,10.0194,1
2470,M02,주간,9.4468,1
2471,M01,주간,9.4801,1
2472,M02,주간,10.3933,1
2473,M03,주간,10.701,1
2474,M01,주간,8.9109,1
2475,M02,주간,10.0438,1
2476,M03,주간,7.5621,1
2477,M02,주간,10.2541,1
2478,M02,주간,10.9146,1
2479,M02,주간,9.6639,1
2480,M01,주간,12.1798,1
2481,M02,주간,8.9425,1
2482,M03,주간,10.2609,1
2483,M02,주간,9.957,1
2484,M02,주간,9.8796,1
2485,M01,주간,9.8628,1
2486,M03,주간,10.1285,1
2487,M03,주간,11.0176,1
2488,M03,주간,11.6533,1
2489,M02,주간,9.9973,1
2490,M02,주간,10.9784,1
2491,M02,주간,9.1579,1
2492,M01,주간,10.9191,1
2493,M01,주간,9.0856,1
2494,M02,주간,11.3088,1
2495,M02,주간,12.6528,1
2496,M01,주간,9.8535,1
2497,M03,주간,7.3689,1
2498,M02,주간,9.3423,1
2499,M03,주간,11.4783,1
2500,M01,주간,10.2212,0
2501,M01,주간,10.0996,0
2502,M01,주간,10.4035,0
2503,M03,주간,10.1938,0
2504,M01,주간,10.4871,0
2505,M03,주간,10.3678,0
2506,M03,주간,10.6087,0
2507,M01,주간,10.1435,0
2508,M02,주간,10.3621,0
2509,M01,주간,9.8771,0
2510,M02,주간,9.7594,0
2511,M01,주간,10.6827,0
2512,M03,주간,10.0865,0
2513,M03,주간,10.322,0
2514,M01,주간,10.0495,0
2515,M01,주간,9.7654,0
2516,M03,주간,10.0044,0
2517,M02,주간,10.5744,0
2518,M02,주간,10.2221,0
2519,M03,주간,9.3154,0
2520,M01,주간,9.9139,0
2521,M03,주간,10.7129,0
2522,M02,주간,9.9145,0
2523,M02,주간,9.2798,0
2524,M02,주간,10.7572,0
2525,M03,주간,10.273,0
2526,M02,주간,9.972,0
2527,M01,주간,9.8514,0
2528,M01,주간,10.4329,0
2529,M03,주간,9.7832,0
2530,M02,주간,10.4593,0
2531,M01,주간,10.2169,0
2532,M01,주간,10.0979,0
2533,M01,주간,10.0582,0
2534,M03,주간,9.93,0
2535,M03,주간,10.4183,0
2536,M02,주간,9.6539,0
2537,M01,주간,9.3512,0
2538,M02,주간,10.2458,0
2539,M01,주간,10.2525,0
2540,M02,주간,10.1921,0
2541,M02,주간,10.1631,0
2542,M03,주간,9.8718,0
2543,M01,주간,10.315,0
2544,M01,주간,9.9818,0
2545,M01,주간,9.8052,0
2546,M02,주간,9.8752,0
2547,M02,주간,10.8083,0
2548,M01,주간,9.306,0
2549,M03,주간,10.1999,0
2550,M02,주간,9.3284,0
2551,M03,주간,9.9567,0
2552,M02,주간,9.8265,0
2553,M01,주간,9.166,0
2554,M01,주간,10.1556,0
2555,M02,주간,9.848,0
2556,M02,주간,9.1603,0
2557,M03,주간,10.3358,0
2558,M03,주간,10.574,0
2559,M01,주간,10.596,0
2560,M01,오후,10.1436,0
2561,M01,오후,10.0184,0
2562,M01,오후,10.5313,0
2563,M01,오후,10.673,0
2564,M01,오후,10.4534,0
2565,M02,오후,9.6234,0
2566,M01,오후,10.0805,0
2567,M01,오후,10.1758,0
2568,M01,오후,9.2762,0
2569,M03,오후,10.1877,0
2570,M02,오후,10.9092,0
2571,M03,오후,10.256,0
2572,M01,오후,10.5894,0
2573,M01,오후,10.0732,0
2574,M02,오후,9.9707,0
2575,M02,오후,10.1525,0
2576,M01,오후,9.6737,0
2577,M01,오후,9.6145,0
2578,M02,오후,10.5065,0
2579,M01,오후,10.5489,0
2580,M02,오후,9.6036,0
2581,M03,오후,10.3872,0
2582,M02,오후,9.9652,0
2583,M02,오후,10.1359,0
2584,M02,오후,10.1841,0
2585,M03,오후,10.3977,0
2586,M02,오후,10.0331,0
2587,M02,오후,10.5641,0
2588,M03,오후,10.1238,0
2589,M01,오후,10.2497,0
2590,M01,오후,9.6667,0
2591,M02,오후,10.8635,0
2592,M01,오후,10.1879,0
2593,M01,오후,10.2852,0
2594,M01,오후,9.3567,0
2595,M03,오후,9.6709,0
2596,M02,오후,10.4952,0
2597,M03,오후,10.1148,0
2598,M01,오후,9.2345,0
2599,M02,오후,10.4153,0
2600,M02,오후,9.7825,0
2601,M02,오후,10.5645,0
2602,M03,오후,9.9649,0
2603,M03,오후,10.0819,0
2604,M02,오후,10.4716,0
2605,M03,오후,9.641,0
2606,M01,오후,9.6029,0
2607,M01,오후,9.9214,0
2608,M03,오후,10.3309,0
2609,M01,오후,9.4676,0
2610,M01,오후,9.3328,0
2611,M01,오후,10.3295,0
2612,M01,오후,9.7588,0
2613,M02,오후,9.8431,0
2614,M01,오후,9.2573,0
2615,M02,오후,9.7284,0
2616,M03,오후,9.997,0
2617,M01,오후,10.3722,0
2618,M03,오후,9.6915,0
2619,M02,오후,10.663,0
2620,M02,오후,9.7262,0
2621,M02,오후,9.7268,0
2622,M01,오후,10.6149,0
2623,M01,오후,10.0846,0
2624,M02,오후,9.7792,0
2625,M03,오후,9.9379,0
2626,M02,오후,10.5412,0
2627,M02,오후,10.5865,0
2628,M02,오후,9.6733,0
2629,M02,오후,9.983,0
2630,M01,오후,10.0361,0
2631,M02,오후,9.6055,0
2632,M03,오후,9.9777,0
2633,M01,오후,10.0021,0
2634,M03,오후,10.4561,0
2635,M03,오후,10.483,0
2636,M01,오후,9.8683,0
2637,M02,오후,9.9144,0
2638,M03,오후,10.2657,0
2639,M02,오후,9.7659,0
2640,M03,오후,10.2355,0
2641,M03,오후,9.9648,0
2642,M02,오후,9.6122,0
2643,M03,오후,9.6173,0
2644,M03,오후,10.5788,0
2645,M03,오후,9.9374,0
2646,M03,오후,10.6561,0
2647,M01,오후,9.7945,0
2648,M01,오후,10.1165,0
2649,M01,오후,10.9571,0
2650,M01,오후,9.577,0
2651,M03,오후,9.2409,0
2652,M02,오후,10.5146,0
2653,M02,오후,9.6693,0
2654,M01,오후,9.9917,0
2655,M03,오후,9.7656,0
2656,M02,오후,10.1073,0
2657,M03,오후,9.6198,0
2658,M01,오후,9.928,0
2659,M01,오후,10.1799,0
2660,M01,오후,9.5967,0
2661,M01,오후,9.72,0
2662,M03,오후,9.861,0
2663,M02,오후,9.4285,0
2664,M02,오후,9.831,0
2665,M01,오후,10.0475,0
2666,M01,오후,9.8402,0
2667,M03,오후,9.8914,0
2668,M03,오후,9.992,0
2669,M03,오후,9.7377,0
2670,M03,오후,10.2764,0
2671,M02,오후,10.5744,0
2672,M01,오후,9.8142,0
2673,M03,오후,10.1941,0
2674,M03,오후,9.9042,0
2675,M02,오후,10.1462,0
2676,M01,오후,10.6263,0
2677,M03,오후,10.2035,0
2678,M03,오후,9.2906,0
2679,M01,오후,10.1816,0
2680,M01,오후,10.4931,0
2681,M03,오후,9.9114,0
2682,M01,오후,10.3983,0
2683,M03,오후,9.724,0
2684,M03,오후,9.4058,0
2685,M01,오후,10.0565,0
2686,M01,오후,9.2974,0
2687,M02,오후,9.9041,0
2688,M02,오후,10.5147,0
2689,M03,오후,9.2361,0
2690,M02,오후,9.4882,0
2691,M01,오후,9.5872,0
2692,M03,오후,9.9747,0
2693,M03,오후,9.8537,0
2694,M02,오후,10.5597,0
2695,M03,오후,10.3817,0
2696,M03,오후,10.1981,0
2697,M03,오후,10.0583,0
2698,M03,오후,10.1573,0
2699,M02,오후,9.6552,0
2700,M01,오후,10.3429,0
2701,M02,오후,9.5552,0
2702,M03,오후,10.3342,0
2703,M03,오후,10.4745,0
2704,M03,오후,10.0843,0
2705,M02,오후,9.9295,0
2706,M02,오후,10.1601,0
2707,M01,오후,8.8554,0
2708,M01,오후,10.1209,0
2709,M01,오후,9.9547,0
2710,M03,오후,9.9797,0
2711,M03,오후,10.2826,0
2712,M01,오후,9.9701,0
2713,M02,오후,9.5439,0
2714,M02,오후,9.9434,0
2715,M01,오후,10.027,0
2716,M02,오후,10.046,0
2717,M02,오후,10.0648,0
2718,M03,오후,10.4157,0
2719,M03,오후,9.5656,0
2720,M01,야간,10.0703,0
2721,M02,야간,10.516,0
2722,M03,야간,9.3062,0
2723,M03,야간,10.0719,0
2724,M03,야간,9.7658,0
2725,M03,야간,9.8517,0
2726,M01,야간,9.6381,0
2727,M03,야간,9.9322,0
2728,M03,야간,10.7365,0
2729,M03,야간,9.4942,0
2730,M03,야간,9.5322,0
2731,M01,야간,9.4792,0
2732,M01,야간,10.691,0
2733,M02,야간,9.8151,0
2734,M02,야간,9.9897,0
2735,M01,야간,9.8389,0
2736,M01,야간,9.6222,0
2737,M03,야간,9.9059,0
2738,M02,야간,10.9833,0
2739,M01,야간,10.5568,0
2740,M02,야간,9.6588,0
2741,M02,야간,10.259,0
2742,M01,야간,9.6674,0
2743,M03,야간,9.2895,0
2744,M02,야간,10.4078,0
2745,M01,야간,10.464,0
2746,M01,야간,10.4184,0
2747,M03,야간,9.8121,0
2748,M01,야간,9.9333,0
2749,M01,야간,10.2999,0
2750,M02,야간,10.1566,0
2751,M02,야간,9.8425,0
2752,M01,야간,9.3524,0
2753,M02,야간,10.0456,0
2754,M01,야간,10.4316,0
2755,M02,야간,9.521,0
2756,M01,야간,10.2555,0
2757,M02,야간,10.1326,0
2758,M03,야간,10.3001,0
2759,M03,야간,10.3488,0
2760,M01,야간,9.7222,0
2761,M01,야간,9.3532,0
2762,M01,야간,9.7866,0
2763,M02,야간,10.3557,0
2764,M02,야간,9.7832,0
2765,M03,야간,9.7224,0
2766,M03,야간,9.2715,0
2767,M03,야간,10.7011,0
2768,M01,야간,10.3303,0
2769,M01,야간,10.308,0
2770,M03,야간,10.3871,0
2771,M03,야간,10.2307,0
2772,M01,야간,9.9023,0
2773,M01,야간,9.9345,0
2774,M03,야간,9.829,0
2775,M02,야간,11.0539,0
2776,M03,야간,10.2224,0
2777,M02,야간,9.8145,0
2778,M03,야간,10.1862,0
2779,M03,야간,9.5957,0
2780,M01,야간,10.6018,0
2781,M01,야간,9.7356,0
2782,M03,야간,10.2004,0
2783,M01,야간,10.4264,0
2784,M01,야간,10.1539,0
2785,M03,야간,10.0378,0
2786,M01,야간,10.0043,0
2787,M01,야간,9.9774,0
2788,M01,야간,9.7693,0
2789,M02,야간,9.8202,0
2790,M02,야간,10.5918,0
2791,M03,야간,9.9566,0
2792,M03,야간,9.6857,0
2793,M02,야간,9.7935,0
2794,M03,야간,10.4401,0
2795,M01,야간,10.2702,0
2796,M02,야간,10.2241,0
2797,M01,야간,9.897,0
2798,M01,야간,10.2293,0
2799,M03,야간,9.7426,0
2800,M01,야간,9.8962,0
2801,M02,야간,10.3879,0
2802,M02,야간,10.3497,0
2803,M01,야간,9.6072,0
2804,M03,야간,9.6578,0
2805,M01,야간,10.0435,0
2806,M01,야간,10.6905,0
2807,M02,야간,9.2338,0
2808,M01,야간,10.1113,0
2809,M03,야간,9.4496,0
2810,M01,야간,9.7463,0
2811,M01,야간,9.8542,0
2812,M01,야간,9.8318,0
2813,M01,야간,9.7865,0
2814,M01,야간,10.0029,0
2815,M02,야간,9.7859,0
2816,M01,야간,9.415,0
2817,M01,야간,10.3119,0
2818,M01,야간,10.3011,0
2819,M01,야간,10.3373,0
2820,M02,야간,9.3837,0
2821,M03,야간,10.1196,0
2822,M01,야간,10.2704,0
2823,M03,야간,9.5875,0
2824,M03,야간,10.0037,0
2825,M01,야간,9.9535,0
2826,M02,야간,10.7369,0
2827,M02,야간,10.7698,0
2828,M02,야간,9.3343,0
2829,M01,야간,10.9976,0
2830,M02,야간,9.6339,0
2831,M01,야간,10.3923,0
2832,M03,야간,10.3882,0
2833,M02,야간,9.6017,0
2834,M01,야간,10.1973,0
2835,M02,야간,9.957,0
2836,M03,야간,10.2217,0
2837,M03,야간,10.0923,0
2838,M01,야간,10.4785,0
2839,M03,야간,10.0302,0
2840,M01,야간,9.9329,0
2841,M01,야간,10.4384,0
2842,M01,야간,10.2322,0
2843,M03,야간,10.2927,0
2844,M03,야간,9.7342,0
2845,M02,야간,9.5819,0
2846,M03,야간,9.7729,0
2847,M01,야간,9.7517,0
2848,M01,야간,10.3145,0
2849,M03,야간,10.3904,0
2850,M03,야간,9.9379,0
2851,M01,야간,10.5724,0
2852,M01,야간,10.5474,0
2853,M02,야간,10.0974,0
2854,M01,야간,9.6712,0
2855,M03,야간,10.6302,0
2856,M03,야간,9.9756,0
2857,M01,야간,10.0505,0
2858,M01,야간,9.8642,0
2859,M03,야간,9.6441,0
2860,M02,야간,9.4125,0
2861,M01,야간,10.2531,0
2862,M01,야간,9.6866,0
2863,M03,야간,11.2238,0
2864,M03,야간,9.5656,0
2865,M01,야간,9.497,0
2866,M03,야간,10.2041,0
2867,M01,야간,10.6117,0
2868,M01,야간,10.0258,0
2869,M02,야간,10.2289,0
2870,M02,야간,9.2626,0
2871,M03,야간,9.729,0
2872,M03,야간,9.5706,0
2873,M01,야간,9.242,0
2874,M02,야간,10.0468,0
2875,M03,야간,9.1029,0
2876,M02,야간,9.4711,0
2877,M01,야간,9.7851,0
2878,M01,야간,9.6675,0
2879,M02,야간,10.1586,0
2880,M02,주간,10.1222,0
2881,M02,주간,10.3575,0
2882,M01,주간,10.301,0
2883,M01,주간,10.4563,0
2884,M02,주간,9.9992,0
2885,M03,주간,10.1214,0
2886,M02,주간,10.2046,0
2887,M02,주간,10.0567,0
2888,M03,주간,9.8411,0
2889,M03,주간,9.867,0
2890,M03,주간,9.673,0
2891,M02,주간,10.1686,0
2892,M03,주간,9.9624,0
2893,M02,주간,9.7347,0
2894,M02,주간,9.7351,0
2895,M02,주간,9.5158,0
2896,M03,주간,10.3915,0
2897,M03,주간,10.0314,0
2898,M01,주간,9.6549,0
2899,M03,주간,10.3234,0
2900,M01,주간,9.7758,0
2901,M02,주간,9.4374,0
2902,M03,주간,10.4085,0
2903,M02,주간,9.7852,0
2904,M01,주간,9.8364,0
2905,M02,주간,10.0165,0
2906,M02,주간,10.457,0
2907,M02,주간,10.008,0
2908,M01,주간,9.5204,0
2909,M02,주간,10.2176,0
2910,M01,주간,9.806,0
2911,M02,주간,10.7552,0
2912,M03,주간,9.9996,0
2913,M03,주간,9.106,0
2914,M02,주간,10.1429,0
2915,M03,주간,10.7778,0
2916,M01,주간,10.6304,0
2917,M03,주간,10.7324,0
2918,M02,주간,9.5921,0
2919,M03,주간,10.3649,0
2920,M03,주간,9.7112,0
2921,M02,주간,10.0897,0
2922,M02,주간,9.4908,0
2923,M03,주간,9.7422,0
2924,M01,주간,9.7295,0
2925,M01,주간,10.3594,0
2926,M02,주간,10.3203,0
2927,M02,주간,10.1107,0
2928,M03,주간,9.4598,0
2929,M01,주간,9.8753,0
2930,M02,주간,9.7016,0
2931,M01,주간,10.3479,0
2932,M01,주간,10.4713,0
2933,M03,주간,10.4226,0
2934,M03,주간,9.6979,0
2935,M03,주간,8.9042,0
2936,M01,주간,9.2932,0
2937,M02,주간,10.5687,0
2938,M03,주간,9.8395,0
2939,M01,주간,9.6997,0
2940,M03,주간,10.6571,0
2941,M03,주간,10.5061,0
2942,M02,주간,10.0098,0
2943,M02,주간,9.8826,0
2944,M01,주간,9.9472,0
2945,M03,주간,10.0909,0
2946,M03,주간,10.64,0
2947,M03,주간,10.169,0
2948,M03,주간,10.2904,0
2949,M02,주간,10.4677,0
2950,M03,주간,9.5321,0
2951,M01,주간,10.3019,0
2952,M03,주간,9.8822,0
2953,M01,주간,8.9936,0
2954,M02,주간,9.1487,0
2955,M01,주간,9.5928,0
2956,M01,주간,10.2125,0
2957,M02,주간,10.0455,0
2958,M02,주간,10.0737,0
2959,M01,주간,10.7804,0
2960,M03,주간,9.4924,0
2961,M01,주간,9.989,0
2962,M03,주간,10.1218,0
2963,M01,주간,9.7055,0
2964,M02,주간,10.0113,0
2965,M01,주간,9.36,0
2966,M03,주간,10.564,0
2967,M03,주간,9.7274,0
2968,M01,주간,10.8126,0
2969,M01,주간,9.987,0
2970,M02,주간,10.4112,0
2971,M03,주간,9.9787,0
2972,M01,주간,9.9877,0
2973,M01,주간,9.7664,0
2974,M02,주간,10.0476,0
2975,M01,주간,10.1272,0
2976,M01,주간,9.6863,0
2977,M01,주간,9.95,0
2978,M02,주간,9.756,0
2979,M03,주간,10.9199,0
2980,M02,주간,9.9641,0
2981,M01,주간,10.6181,0
2982,M02,주간,9.9218,0
2983,M02,주간,10.1037,0
2984,M01,주간,9.4715,0
2985,M01,주간,9.8212,0
2986,M01,주간,10.0842,0
2987,M03,주간,10.6344,0
2988,M03,주간,10.0888,0
2989,M01,주간,10.5535,0
2990,M01,주간,10.2563,0
2991,M02,주간,10.651,0
2992,M01,주간,9.9764,0
2993,M03,주간,10.9561,0
2994,M03,주간,9.8058,0
2995,M01,주간,9.6934,0
2996,M01,주간,9.516,0
2997,M01,주간,10.9324,0
2998,M02,주간,10.3278,0
2999,M03,주간,9.8664,0
3000,M02,주간,10.4996,0
3001,M01,주간,10.2751,0
3002,M01,주간,10.7865,0
3003,M01,주간,9.3809,0
3004,M01,주간,9.8939,0
3005,M02,주간,9.815,0
3006,M02,주간,9.2105,0
3007,M01,주간,10.4241,0
3008,M01,주간,9.8918,0
3009,M03,주간,10.2959,0
3010,M03,주간,10.9439,0
3011,M02,주간,9.8587,0
3012,M02,주간,9.8315,0
3013,M02,주간,10.0475,0
3014,M02,주간,10.3949,0
3015,M01,주간,9.7733,0
3016,M02,주간,9.7476,0
3017,M03,주간,10.4229,0
3018,M02,주간,10.1515,0
3019,M03,주간,9.1821,0
3020,M02,주간,9.5098,0
3021,M01,주간,10.6005,0
3022,M02,주간,10.1608,0
3023,M03,주간,9.6951,0
3024,M02,주간,9.9318,0
3025,M02,주간,10.0053,0
3026,M01,주간,10.2943,0
3027,M03,주간,9.4567,0
3028,M02,주간,9.6636,0
3029,M01,주간,10.1092,0
3030,M02,주간,9.9601,0
3031,M01,주간,10.2287,0
3032,M03,주간,9.5082,0
3033,M03,주간,10.1429,0
3034,M01,주간,10.4366,0
3035,M03,주간,10.1947,0
3036,M01,주간,10.0556,0
3037,M02,주간,9.9616,0
3038,M02,주간,9.6661,0
3039,M01,주간,9.9712,0
3040,M03,오후,10.5039,0
3041,M03,오후,9.9524,0
3042,M02,오후,9.6441,0
3043,M01,오후,9.8031,0
3044,M03,오후,10.0803,0
3045,M02,오후,9.8506,0
3046,M03,오후,10.1941,0
3047,M02,오후,10.2091,0
3048,M01,오후,10.3556,0
3049,M01,오후,10.5694,0
3050,M01,오후,10.3983,0
3051,M01,오후,9.6263,0
3052,M01,오후,9.6386,0
3053,M01,오후,9.9697,0
3054,M03,오후,9.8195,0
3055,M03,오후,9.5447,0
3056,M01,오후,9.8233,0
3057,M01,오후,9.8102,0
3058,M03,오후,9.7313,0
3059,M02,오후,9.8737,0
3060,M02,오후,10.4714,0
3061,M03,오후,10.0797,0
3062,M02,오후,10.9887,0
3063,M03,오후,10.0682,0
3064,M02,오후,9.884,0
3065,M02,오후,10.0017,0
3066,M01,오후,10.1026,0
3067,M02,오후,10.1741,0
3068,M03,오후,10.8307,0
3069,M02,오후,9.6619,0
3070,M01,오후,10.3436,0
3071,M02,오후,10.0831,0
3072,M03,오후,9.3716,0
3073,M03,오후,10.3083,0
3074,M02,오후,10.507,0
3075,M03,오후,9.6571,0
3076,M01,오후,9.9964,0
3077,M02,오후,9.3099,0
3078,M02,오후,9.4965,0
3079,M01,오후,10.4192,0
3080,M03,오후,9.8134,0
3081,M03,오후,9.5565,0
3082,M01,오후,10.0918,0
3083,M01,오후,9.791,0
3084,M03,오후,9.8117,0
3085,M03,오후,10.2957,0
3086,M03,오후,9.5353,0
3087,M01,오후,9.6379,0
3088,M03,오후,10.0616,0
3089,M03,오후,10.3878,0
3090,M03,오후,10.4953,0
3091,M03,오후,9.734,0
3092,M03,오후,10.375,0
3093,M02,오후,9.6863,0
3094,M01,오후,10.7305,0
3095,M01,오후,9.5465,0
3096,M03,오후,10.5314,0
3097,M03,오후,9.7374,0
3098,M01,오후,10.8053,0
3099,M02,오후,10.2365,0
3100,M01,오후,9.5936,0
3101,M01,오후,9.7911,0
3102,M02,오후,10.3125,0
3103,M02,오후,10.4211,0
3104,M02,오후,9.9717,0
3105,M02,오후,10.0179,0
3106,M02,오후,10.3033,0
3107,M03,오후,10.0527,0
3108,M01,오후,9.4826,0
3109,M01,오후,9.6748,0
3110,M02,오후,10.094,0
3111,M02,오후,10.4862,0
3112,M03,오후,10.6464,0
3113,M03,오후,10.3118,0
3114,M02,오후,10.1149,0
3115,M01,오후,10.2995,0
3116,M01,오후,9.7333,0
3117,M02,오후,9.9387,0
3118,M02,오후,9.6703,0
3119,M02,오후,9.5005,0
3120,M01,오후,10.1334,0
3121,M03,오후,10.0742,0
3122,M02,오후,10.2751,0
3123,M02,오후,10.2184,0
3124,M01,오후,10.0971,0
3125,M03,오후,10.2226,0
3126,M02,오후,9.9829,0
3127,M01,오후,10.1652,0
3128,M01,오후,9.7095,0
3129,M02,오후,10.1479,0
3130,M01,오후,10.2674,0
3131,M03,오후,9.7321,0
3132,M03,오후,10.0207,0
3133,M03,오후,9.7506,0
3134,M02,오후,9.7894,0
3135,M02,오후,9.55,0
3136,M02,오후,10.5063,0
3137,M02,오후,10.4263,0
3138,M02,오후,10.215,0
3139,M02,오후,10.7889,0
3140,M03,오후,9.9243,0
3141,M01,오후,11.2127,0
3142,M01,오후,9.909,0
3143,M03,오후,10.1021,0
3144,M03,오후,9.8409,0
3145,M03,오후,10.1489,0
3146,M02,오후,10.3342,0
3147,M02,오후,9.9544,0
3148,M01,오후,10.7107,0
3149,M01,오후,10.0957,0
3150,M03,오후,10.1082,0
3151,M02,오후,9.6364,0
3152,M02,오후,10.1674,0
3153,M01,오후,9.9464,0
3154,M02,오후,9.7567,0
3155,M03,오후,9.6894,0
3156,M02,오후,11.0687,0
3157,M02,오후,9.8946,0
3158,M03,오후,9.4172,0
3159,M01,오후,9.7207,0
3160,M01,오후,9.9794,0
3161,M02,오후,10.2187,0
3162,M02,오후,10.2219,0
3163,M03,오후,10.2706,0
3164,M01,오후,9.7421,0
3165,M01,오후,10.1362,0
3166,M02,오후,9.6496,0
3167,M02,오후,9.7521,0
3168,M03,오후,9.6329,0
3169,M02,오후,9.5246,0
3170,M02,오후,10.4257,0
3171,M01,오후,10.2754,0
3172,M02,오후,10.3907,0
3173,M02,오후,10.0157,0
3174,M02,오후,10.3107,0
3175,M02,오후,9.2955,0
3176,M02,오후,10.3452,0
3177,M01,오후,10.0708,0
3178,M01,오후,10.2508,0
3179,M01,오후,10.152,0
3180,M02,오후,9.6052,0
3181,M03,오후,9.4008,0
3182,M03,오후,9.7152,0
3183,M01,오후,10.226,0
3184,M01,오후,10.276,0
3185,M02,오후,9.4528,0
3186,M01,오후,9.6076,0
3187,M02,오후,9.7107,0
3188,M02,오후,9.8571,0
3189,M03,오후,9.4552,0
3190,M02,오후,9.4312,0
3191,M03,오후,9.6713,0
3192,M02,오후,10.0345,0
3193,M03,오후,9.5278,0
3194,M02,오후,9.9537,0
3195,M02,오후,10.4234,0
3196,M02,오후,9.4793,0
3197,M02,오후,9.9174,0
3198,M03,오후,10.4099,0
3199,M02,오후,9.8327,0
3200,M01,야간,9.7705,0
3201,M02,야간,10.4654,0
3202,M02,야간,9.8775,0
3203,M02,야간,10.4418,0
3204,M01,야간,10.1716,0
3205,M01,야간,9.8629,0
3206,M01,야간,10.1919,0
3207,M02,야간,10.1282,0
3208,M01,야간,10.4084,0
3209,M02,야간,9.7807,0
3210,M01,야간,10.0165,0
3211,M01,야간,9.9754,0
3212,M01,야간,10.2817,0
3213,M01,야간,9.5899,0
3214,M01,야간,10.4068,0
3215,M03,야간,10.1865,0
3216,M01,야간,9.4732,0
3217,M02,야간,10.4833,0
3218,M02,야간,10.8936,0
3219,M03,야간,10.4007,0
3220,M02,야간,10.5708,0
3221,M02,야간,10.0341,0
3222,M03,야간,9.3354,0
3223,M03,야간,9.2624,0
3224,M01,야간,10.102,0
3225,M03,야간,9.7632,0
3226,M02,야간,9.6342,0
3227,M01,야간,9.9749,0
3228,M02,야간,10.2462,0
3229,M03,야간,9.4189,0
3230,M01,야간,9.8204,0
3231,M01,야간,10.6039,0
3232,M03,야간,9.5699,0
3233,M02,야간,10.3479,0
3234,M01,야간,9.8061,0
3235,M03,야간,10.2183,0
3236,M02,야간,10.4389,0
3237,M01,야간,10.2965,0
3238,M01,야간,10.3637,0
3239,M02,야간,9.5394,0
3240,M01,야간,10.4455,0
3241,M02,야간,9.6589,0
3242,M01,야간,10.1038,0
3243,M01,야간,10.1033,0
3244,M03,야간,10.194,0
3245,M01,야간,10.1348,0
3246,M03,야간,9.6625,0
3247,M01,야간,9.4601,0
3248,M02,야간,10.3489,0
3249,M01,야간,10.0743,0
3250,M02,야간,10.4598,0
3251,M02,야간,9.9821,0
3252,M01,야간,9.4379,0
3253,M02,야간,10.3865,0
3254,M03,야간,9.8519,0
3255,M02,야간,10.1368,0
3256,M01,야간,9.741,0
3257,M03,야간,10.6577,0
3258,M01,야간,9.6494,0
3259,M01,야간,9.865,0
3260,M02,야간,10.043,0
3261,M01,야간,9.5631,0
3262,M01,야간,10.1322,0
3263,M03,야간,10.6448,0
3264,M02,야간,9.8038,0
3265,M03,야간,10.1581,0
3266,M02,야간,8.9002,0
3267,M02,야간,9.9844,0
3268,M03,야간,9.8748,0
3269,M01,야간,9.6726,0
3270,M02,야간,10.4326,0
3271,M03,야간,9.8695,0
3272,M01,야간,9.929,0
3273,M03,야간,9.8491,0
3274,M01,야간,9.2333,0
3275,M02,야간,9.5472,0
3276,M03,야간,10.3844,0
3277,M01,야간,9.156,0
3278,M03,야간,9.6935,0
3279,M01,야간,9.8401,0
3280,M01,야간,10.6974,0
3281,M02,야간,10.3074,0
3282,M02,야간,9.7771,0
3283,M03,야간,10.5218,0
3284,M03,야간,9.7038,0
3285,M03,야간,10.4036,0
3286,M02,야간,9.4564,0
3287,M01,야간,10.4293,0
3288,M03,야간,9.8375,0
3289,M02,야간,9.5886,0
3290,M01,야간,9.9131,0
3291,M03,야간,10.1109,0
3292,M02,야간,9.8021,0
3293,M02,야간,10.2216,0
3294,M02,야간,9.7668,0
3295,M03,야간,10.2481,0
3296,M01,야간,10.1769,0
3297,M02,야간,9.9756,0
3298,M01,야간,9.8234,0
3299,M02,야간,10.0606,0
3300,M01,야간,10.2201,0
3301,M02,야간,10.8247,0
3302,M03,야간,10.3758,0
3303,M02,야간,10.3904,0
3304,M03,야간,11.2354,0
3305,M03,야간,10.2064,0
3306,M01,야간,10.1939,0
3307,M02,야간,10.2816,0
3308,M02,야간,9.5964,0
3309,M02,야간,9.8224,0
3310,M03,야간,9.7975,0
3311,M02,야간,10.259,0
3312,M01,야간,9.9303,0
3313,M02,야간,10.0553,0
3314,M01,야간,10.435,0
3315,M02,야간,10.3453,0
3316,M02,야간,9.9353,0
3317,M03,야간,9.732,0
3318,M01,야간,10.4541,0
3319,M02,야간,10.3096,0
3320,M01,야간,9.3575,0
3321,M02,야간,9.8747,0
3322,M02,야간,10.0662,0
3323,M02,야간,10.3115,0
3324,M01,야간,10.364,0
3325,M01,야간,10.1136,0
3326,M02,야간,10.2341,0
3327,M02,야간,10.0257,0
3328,M01,야간,9.7305,0
3329,M02,야간,9.8955,0
3330,M01,야간,10.0076,0
3331,M02,야간,9.9861,0
3332,M02,야간,9.2458,0
3333,M03,야간,9.841,0
3334,M03,야간,10.0225,0
3335,M03,야간,9.8875,0
3336,M01,야간,9.9013,0
3337,M03,야간,10.1952,0
3338,M02,야간,9.5684,0
3339,M02,야간,9.3488,0
3340,M03,야간,9.8607,0
3341,M01,야간,10.3056,0
3342,M01,야간,10.675,0
3343,M03,야간,10.3129,0
3344,M02,야간,9.4127,0
3345,M02,야간,9.9071,0
3346,M01,야간,10.1027,0
3347,M02,야간,10.071,0
3348,M01,야간,10.2157,0
3349,M02,야간,9.6332,0
3350,M02,야간,10.026,0
3351,M03,야간,10.1681,0
3352,M03,야간,10.3303,0
3353,M01,야간,9.6777,0
3354,M01,야간,9.8619,0
3355,M02,야간,8.9185,0
3356,M03,야간,9.7514,0
3357,M01,야간,9.7902,0
3358,M02,야간,9.5922,0
3359,M02,야간,10.0662,0
3360,M01,주간,9.9776,0
3361,M02,주간,9.0963,0
3362,M01,주간,10.0862,0
3363,M02,주간,9.6287,0
3364,M03,주간,10.1943,0
3365,M02,주간,9.4873,0
3366,M01,주간,10.012,0
3367,M03,주간,9.8867,0
3368,M01,주간,10.1212,0
3369,M03,주간,10.0499,0
3370,M03,주간,9.8979,0
3371,M02,주간,9.3855,0
3372,M01,주간,9.4091,0
3373,M03,주간,9.7664,0
3374,M03,주간,9.9967,0
3375,M02,주간,9.7567,0
3376,M03,주간,10.2501,0
3377,M03,주간,9.8883,0
3378,M03,주간,9.614,0
3379,M01,주간,9.8888,0
3380,M02,주간,10.0903,0
3381,M01,주간,10.13,0
3382,M01,주간,10.7514,0
3383,M02,주간,9.7324,0
3384,M01,주간,9.9706,0
3385,M01,주간,10.1704,0
3386,M03,주간,9.9906,0
3387,M02,주간,9.7998,0
3388,M02,주간,9.3803,0
3389,M01,주간,9.7957,0
3390,M03,주간,9.5705,0
3391,M02,주간,9.3094,0
3392,M02,주간,9.6817,0
3393,M01,주간,9.5812,0
3394,M01,주간,10.2335,0
3395,M01,주간,10.2404,0
3396,M01,주간,9.6384,0
3397,M03,주간,9.8959,0
3398,M02,주간,9.2567,0
3399,M02,주간,9.8023,0
3400,M03,주간,10.1596,0
3401,M03,주간,10.33,0
3402,M01,주간,9.7148,0
3403,M02,주간,10.4207,0
3404,M02,주간,9.3937,0
3405,M01,주간,9.5009,0
3406,M03,주간,10.2839,0
3407,M02,주간,10.6684,0
3408,M02,주간,10.1974,0
3409,M02,주간,9.9839,0
3410,M03,주간,9.1219,0
3411,M01,주간,9.191,0
3412,M02,주간,10.0518,0
3413,M03,주간,9.8568,0
3414,M03,주간,9.5577,0
3415,M02,주간,10.0262,0
3416,M01,주간,10.0461,0
3417,M03,주간,10.3778,0
3418,M03,주간,10.0546,0
3419,M02,주간,10.4914,0
3420,M02,주간,10.0032,0
3421,M02,주간,9.9539,0
3422,M01,주간,10.4257,0
3423,M01,주간,9.6086,0
3424,M03,주간,11.1258,0
3425,M03,주간,10.1501,0
3426,M01,주간,10.1523,0
3427,M02,주간,10.21,0
3428,M03,주간,10.7509,0
3429,M01,주간,10.317,0
3430,M01,주간,9.358,0
3431,M01,주간,10.5614,0
3432,M01,주간,9.8636,0
3433,M02,주간,10.0429,0
3434,M02,주간,9.4883,0
3435,M03,주간,10.2105,0
3436,M03,주간,9.7395,0
3437,M03,주간,10.0401,0
3438,M03,주간,9.8864,0
3439,M03,주간,10.77,0
3440,M02,주간,10.7929,0
3441,M03,주간,10.0186,0
3442,M01,주간,10.0256,0
3443,M03,주간,9.8506,0
3444,M01,주간,10.4424,0
3445,M02,주간,9.8684,0
3446,M01,주간,9.8315,0
3447,M02,주간,10.3914,0
3448,M03,주간,9.7847,0
3449,M01,주간,9.9849,0
3450,M02,주간,9.3675,0
3451,M01,주간,10.2817,0
3452,M01,주간,10.7763,0
3453,M02,주간,10.2885,0
3454,M02,주간,10.5847,0
3455,M01,주간,9.6616,0
3456,M02,주간,10.0945,0
3457,M03,주간,9.6227,0
3458,M02,주간,9.9089,0
3459,M03,주간,10.3089,0
3460,M03,주간,10.0407,0
3461,M02,주간,9.4349,0
3462,M02,주간,9.474,0
3463,M03,주간,9.4475,0
3464,M02,주간,10.1966,0
3465,M02,주간,10.8256,0
3466,M01,주간,10.545,0
3467,M01,주간,9.2416,0
3468,M01,주간,10.5684,0
3469,M02,주간,10.3746,0
3470,M03,주간,9.3819,0
3471,M01,주간,9.8787,0
3472,M01,주간,10.4382,0
3473,M01,주간,10.2202,0
3474,M02,주간,9.4764,0
3475,M01,주간,10.2443,0
3476,M01,주간,9.145,0
3477,M01,주간,9.9109,0
3478,M01,주간,10.4552,0
3479,M01,주간,10.0074,0
3480,M03,주간,9.8004,0
3481,M03,주간,10.3557,0
3482,M02,주간,10.3899,0
3483,M01,주간,10.524,0
3484,M01,주간,10.3497,0
3485,M01,주간,10.4325,0
3486,M02,주간,10.2932,0
3487,M02,주간,10.1062,0
3488,M01,주간,10.0358,0
3489,M02,주간,9.9051,0
3490,M01,주간,9.5151,0
3491,M02,주간,9.6179,0
3492,M03,주간,9.8872,0
3493,M01,주간,10.0966,0
3494,M02,주간,10.5763,0
3495,M02,주간,9.9833,0
3496,M03,주간,10.4014,0
3497,M02,주간,10.4317,0
3498,M02,주간,9.9074,0
3499,M03,주간,10.2379,0
3500,M02,주간,9.8052,1
3501,M02,주간,11.0579,1
3502,M01,주간,10.5091,1
3503,M02,주간,9.0482,1
3504,M01,주간,10.13,1
3505,M02,주간,11.3195,1
3506,M01,주간,9.8562,1
3507,M01,주간,10.3596,1
3508,M02,주간,10.4383,1
3509,M02,주간,9.1725,1
3510,M03,주간,10.4106,1
3511,M01,주간,8.8871,1
3512,M03,주간,9.5019,1
3513,M01,주간,10.8632,1
3514,M03,주간,10.2882,1
3515,M03,주간,9.7594,1
3516,M03,주간,10.3604,1
3517,M01,주간,9.9553,1
3518,M03,주간,10.0137,1
3519,M01,주간,10.5293,1
3520,M03,오후,9.4221,1
3521,M02,오후,10.0365,1
3522,M02,오후,9.7546,1
3523,M02,오후,8.7361,1
3524,M01,오후,9.2684,1
3525,M03,오후,11.2596,1
3526,M03,오후,10.313,1
3527,M03,오후,8.9465,1
3528,M03,오후,8.7733,1
3529,M03,오후,9.9161,1
3530,M03,오후,11.255,1
3531,M02,오후,9.8568,1
3532,M03,오후,11.052,1
3533,M01,오후,10.2881,1
3534,M03,오후,10.3838,1
3535,M02,오후,8.9384,1
3536,M02,오후,10.7572,1
3537,M02,오후,9.7395,1
3538,M01,오후,10.6981,1
3539,M02,오후,9.3565,1
3540,M02,오후,10.1496,1
3541,M01,오후,10.2898,1
3542,M03,오후,9.8852,1
3543,M01,오후,10.3322,1
3544,M03,오후,9.7957,1
3545,M01,오후,9.4898,1
3546,M01,오후,11.2936,1
3547,M01,오후,10.8486,1
3548,M01,오후,9.4009,1
3549,M01,오후,10.4646,1
3550,M03,오후,9.4159,1
3551,M03,오후,9.0625,1
3552,M02,오후,10.8375,1
3553,M01,오후,8.6473,1
3554,M03,오후,10.7523,1
3555,M02,오후,9.8088,1
3556,M02,오후,9.842,1
3557,M03,오후,10.3392,1
3558,M02,오후,10.4766,1
3559,M02,오후,9.3507,1
3560,M03,오후,10.5862,1
3561,M02,오후,10.1029,1
3562,M03,오후,9.0076,1
3563,M03,오후,9.8767,1
3564,M03,오후,11.1178,1
3565,M01,오후,11.3543,1
3566,M01,오후,10.5871,1
3567,M02,오후,9.0611,1
3568,M02,오후,10.4061,1
3569,M03,오후,10.6945,1
3570,M01,오후,10.5946,1
3571,M03,오후,10.6422,1
3572,M03,오후,10.305,1
3573,M03,오후,9.9567,1
3574,M03,오후,9.5281,1
3575,M03,오후,8.4967,1
3576,M02,오후,10.2869,1
3577,M02,오후,10.1643,1
3578,M02,오후,10.4617,1
3579,M03,오후,8.9458,1
3580,M01,오후,10.532,1
3581,M02,오후,11.6598,1
3582,M02,오후,10.0792,1
3583,M02,오후,9.9673,1
3584,M02,오후,10.264,1
3585,M03,오후,11.6429,1
3586,M01,오후,9.1983,1
3587,M03,오후,10.18,1
3588,M03,오후,9.3779,1
3589,M03,오후,9.5802,1
3590,M03,오후,9.9783,1
3591,M02,오후,11.0961,1
3592,M01,오후,11.4592,1
3593,M02,오후,10.3771,1
3594,M01,오후,9.7175,1
3595,M01,오후,12.0132,1
3596,M03,오후,9.6772,1
3597,M02,오후,9.5625,1
3598,M02,오후,8.5997,1
3599,M03,오후,11.1367,1
3600,M01,오후,10.7946,1
3601,M03,오후,11.9545,1
3602,M02,오후,8.9088,1
3603,M02,오후,11.1872,1
3604,M02,오후,10.0769,1
3605,M02,오후,10.6659,1
3606,M02,오후,8.703,1
3607,M02,오후,11.1959,1
3608,M01,오후,10.6508,1
3609,M01,오후,9.9907,1
3610,M02,오후,10.5381,1
3611,M01,오후,9.4098,1
3612,M02,오후,9.5589,1
3613,M03,오후,9.6519,1
3614,M01,오후,8.5406,1
3615,M01,오후,10.7124,1
3616,M01,오후,10.9765,1
3617,M03,오후,9.4623,1
3618,M03,오후,10.3022,1
3619,M01,오후,9.8114,1
3620,M02,오후,10.2866,1
3621,M03,오후,9.5222,1
3622,M03,오후,9.3177,1
3623,M02,오후,10.8663,1
3624,M01,오후,9.9737,1
3625,M03,오후,11.6427,1
3626,M03,오후,10.0623,1
3627,M02,오후,9.2846,1
3628,M01,오후,11.0072,1
3629,M03,오후,10.5305,1
3630,M01,오후,10.6075,1
3631,M03,오후,10.9787,1
3632,M03,오후,9.5042,1
3633,M02,오후,9.9248,1
3634,M02,오후,9.8897,1
3635,M01,오후,8.9944,1
3636,M03,오후,9.8163,1
3637,M01,오후,11.0965,1
3638,M01,오후,10.2175,1
3639,M03,오후,8.951,1
3640,M03,오후,8.7833,1
3641,M02,오후,11.36,1
3642,M02,오후,9.9562,1
3643,M02,오후,9.5107,1
3644,M01,오후,9.8096,1
3645,M02,오후,8.8472,1
3646,M03,오후,11.1677,1
3647,M02,오후,9.715,1
3648,M03,오후,11.1235,1
3649,M03,오후,10.0711,1
3650,M03,오후,11.1736,1
3651,M03,오후,10.2356,1
3652,M03,오후,10.713,1
3653,M03,오후,10.6059,1
3654,M03,오후,10.5295,1
3655,M03,오후,10.3094,1
3656,M03,오후,9.8449,1
3657,M03,오후,11.5638,1
3658,M03,오후,9.3061,1
3659,M02,오후,10.0353,1
3660,M03,오후,10.0439,1
3661,M03,오후,10.3542,1
3662,M02,오후,9.6888,1
3663,M01,오후,10.2844,1
3664,M03,오후,9.8977,1
3665,M02,오후,8.7675,1
3666,M02,오후,10.0409,1
3667,M03,오후,9.153,1
3668,M01,오후,8.6461,1
3669,M02,오후,10.1433,1
3670,M01,오후,10.4243,1
3671,M01,오후,10.4556,1
3672,M03,오후,10.4882,1
3673,M02,오후,8.4886,1
3674,M01,오후,8.946,1
3675,M02,오후,11.6138,1
3676,M01,오후,9.1975,1
3677,M03,오후,10.5241,1
3678,M01,오후,9.4861,1
3679,M02,오후,10.0996,1
3680,M02,야간,9.5294,1
3681,M01,야간,10.4855,1
3682,M03,야간,10.1458,1
3683,M02,야간,9.678,1
3684,M02,야간,9.1967,1
3685,M02,야간,10.2512,1
3686,M03,야간,9.067,1
3687,M01,야간,10.3794,1
3688,M03,야간,12.1388,1
3689,M02,야간,11.118,1
3690,M01,야간,10.6127,1
3691,M02,야간,9.9697,1
3692,M03,야간,8.4874,1
3693,M01,야간,8.9808,1
3694,M02,야간,11.0651,1
3695,M02,야간,9.4072,1
3696,M03,야간,9.4798,1
3697,M02,야간,9.9069,1
3698,M03,야간,9.19,1
3699,M03,야간,9.0584,1
3700,M03,야간,9.9996,1
3701,M02,야간,9.327,1
3702,M03,야간,9.4476,1
3703,M01,야간,9.4157,1
3704,M03,야간,10.4587,1
3705,M03,야간,9.8553,1
3706,M01,야간,9.8984,1
3707,M02,야간,10.519,1
3708,M03,야간,9.928,1
3709,M01,야간,9.8192,1
3710,M03,야간,10.4184,1
3711,M03,야간,10.5768,1
3712,M03,야간,9.9248,1
3713,M01,야간,10.1071,1
3714,M03,야간,9.4174,1
3715,M03,야간,9.3545,1
3716,M01,야간,10.6585,1
3717,M03,야간,10.3994,1
3718,M02,야간,10.4079,1
3719,M03,야간,10.2685,1
3720,M01,야간,10.081,1
3721,M03,야간,10.6014,1
3722,M02,야간,10.7925,1
3723,M01,야간,10.7736,1
3724,M02,야간,9.9642,1
3725,M03,야간,11.1546,1
3726,M03,야간,10.228,1
3727,M01,야간,10.5513,1
3728,M03,야간,10.2713,1
3729,M02,야간,10.2434,1
3730,M01,야간,9.4574,1
3731,M02,야간,10.6073,1
3732,M03,야간,12.3227,1
3733,M01,야간,9.7468,1
3734,M01,야간,10.1036,1
3735,M01,야간,9.6901,1
3736,M02,야간,9.6568,1
3737,M01,야간,11.283,1
3738,M03,야간,9.5093,1
3739,M01,야간,9.6686,1
3740,M01,야간,8.778,1
3741,M01,야간,9.4421,1
3742,M03,야간,8.6817,1
3743,M03,야간,10.5541,1
3744,M01,야간,12.2886,1
3745,M02,야간,9.7557,1
3746,M03,야간,8.7158,1
3747,M03,야간,10.7694,1
3748,M01,야간,9.4681,1
3749,M03,야간,11.0893,1
3750,M03,야간,9.8244,1
3751,M03,야간,9.5448,1
3752,M02,야간,9.9081,1
3753,M02,야간,10.6569,1
3754,M03,야간,9.8689,1
3755,M03,야간,9.6537,1
3756,M02,야간,9.8922,1
3757,M03,야간,9.034,1
3758,M02,야간,10.3693,1
3759,M03,야간,8.6225,1
3760,M01,야간,9.6967,1
3761,M03,야간,10.6597,1
3762,M02,야간,10.2949,1
3763,M02,야간,10.5249,1
3764,M01,야간,10.0008,1
3765,M02,야간,10.9888,1
3766,M01,야간,10.793,1
3767,M03,야간,10.4103,1
3768,M03,야간,10.7957,1
3769,M02,야간,10.6542,1
3770,M03,야간,9.7025,1
3771,M03,야간,8.9791,1
3772,M01,야간,10.3907,1
3773,M01,야간,10.4915,1
3774,M01,야간,10.9272,1
3775,M01,야간,9.306,1
3776,M02,야간,9.3301,1
3777,M02,야간,10.4234,1
3778,M02,야간,9.9987,1
3779,M01,야간,8.5472,1
3780,M03,야간,10.3561,1
3781,M03,야간,8.5743,1
3782,M02,야간,9.3002,1
3783,M01,야간,11.138,1
3784,M02,야간,11.5167,1
3785,M03,야간,9.0845,1
3786,M03,야간,9.7937,1
3787,M01,야간,10.0915,1
3788,M03,야간,11.4826,1
3789,M03,야간,9.6635,1
3790,M02,야간,9.6765,1
3791,M02,야간,11.2972,1
3792,M02,야간,9.7586,1
3793,M01,야간,10.6364,1
3794,M02,야간,8.8771,1
3795,M01,야간,9.9221,1
3796,M01,야간,8.7316,1
3797,M02,야간,9.2151,1
3798,M02,야간,10.731,1
3799,M03,야간,10.0199,1
3800,M02,야간,9.8048,1
3801,M03,야간,9.4612,1
3802,M03,야간,9.8839,1
3803,M02,야간,10.3015,1
3804,M03,야간,10.8472,1
3805,M02,야간,7.9609,1
3806,M02,야간,9.3958,1
3807,M01,야간,10.1887,1
3808,M01,야간,9.9826,1
3809,M02,야간,10.3845,1
3810,M01,야간,10.2761,1
3811,M02,야간,9.8183,1
3812,M01,야간,9.641,1
3813,M01,야간,9.8662,1
3814,M02,야간,10.9818,1
3815,M02,야간,9.4774,1
3816,M03,야간,10.013,1
3817,M03,야간,10.2101,1
3818,M03,야간,11.3119,1
3819,M01,야간,9.8236,1
3820,M02,야간,10.8311,1
3821,M01,야간,11.0498,1
3822,M01,야간,10.0134,1
3823,M01,야간,9.8961,1
3824,M02,야간,9.8016,1
3825,M01,야간,9.8604,1
3826,M02,야간,10.7486,1
3827,M01,야간,10.2503,1
3828,M02,야간,10.2539,1
3829,M02,야간,9.1657,1
3830,M01,야간,9.2921,1
3831,M01,야간,11.781,1
3832,M03,야간,9.9242,1
3833,M03,야간,9.4468,1
3834,M01,야간,11.2117,1
3835,M03,야간,10.2925,1
3836,M01,야간,10.5298,1
3837,M03,야간,9.957,1
3838,M01,야간,9.8127,1
3839,M02,야간,9.9322,1
3840,M01,주간,8.9619,1
3841,M01,주간,9.9979,1
3842,M02,주간,10.3053,1
3843,M01,주간,11.549,1
3844,M02,주간,10.1376,1
3845,M01,주간,8.2017,1
3846,M01,주간,9.9941,1
3847,M03,주간,12.261,1
3848,M03,주간,10.7627,1
3849,M03,주간,9.4211,1
3850,M01,주간,10.5429,1
3851,M02,주간,9.4766,1
3852,M01,주간,8.9874,1
3853,M01,주간,9.792,1
3854,M02,주간,10.1441,1
3855,M02,주간,8.5733,1
3856,M02,주간,9.1519,1
3857,M01,주간,10.0797,1
3858,M03,주간,9.7451,1
3859,M03,주간,10.3877,1
3860,M01,주간,9.1003,1
3861,M01,주간,10.6435,1
3862,M02,주간,9.1254,1
3863,M02,주간,11.3868,1
3864,M03,주간,8.7002,1
3865,M02,주간,9.199,1
3866,M01,주간,10.4071,1
3867,M01,주간,11.4048,1
3868,M01,주간,10.3257,1
3869,M02,주간,10.5241,1
3870,M01,주간,10.0881,1
3871,M03,주간,9.2531,1
3872,M03,주간,9.6823,1
3873,M01,주간,9.1051,1
3874,M03,주간,9.0519,1
3875,M02,주간,10.3964,1
3876,M01,주간,9.1767,1
3877,M02,주간,10.3311,1
3878,M02,주간,9.0342,1
3879,M01,주간,10.313,1
3880,M03,주간,9.6851,1
3881,M01,주간,11.2015,1
3882,M01,주간,10.3354,1
3883,M01,주간,11.0653,1
3884,M01,주간,9.4723,1
3885,M01,주간,10.122,1
3886,M02,주간,9.2924,1
3887,M02,주간,9.7466,1
3888,M01,주간,9.868,1
3889,M03,주간,9.4972,1
3890,M03,주간,9.1056,1
3891,M03,주간,8.9474,1
3892,M02,주간,8.2067,1
3893,M03,주간,9.2336,1
3894,M02,주간,10.5808,1
3895,M02,주간,8.8003,1
3896,M01,주간,8.9848,1
3897,M03,주간,11.5122,1
3898,M01,주간,9.5705,1
3899,M02,주간,10.3367,1
3900,M03,주간,10.5939,1
3901,M01,주간,10.6103,1
3902,M02,주간,8.8626,1
3903,M01,주간,9.8958,1
3904,M02,주간,8.7863,1
3905,M02,주간,12.0381,1
3906,M01,주간,8.8054,1
3907,M03,주간,9.2432,1
3908,M02,주간,9.2492,1
3909,M02,주간,8.8845,1
3910,M03,주간,11.1641,1
3911,M01,주간,12.0202,1
3912,M02,주간,9.7019,1
3913,M03,주간,9.0263,1
3914,M02,주간,8.2933,1
3915,M01,주간,9.8878,1
3916,M01,주간,9.8302,1
3917,M03,주간,9.5624,1
3918,M03,주간,10.2608,1
3919,M03,주간,10.4,1
3920,M01,주간,10.3425,1
3921,M03,주간,9.8314,1
3922,M02,주간,9.2032,1
3923,M03,주간,10.6173,1
3924,M03,주간,10.0949,1
3925,M01,주간,10.7957,1
3926,M03,주간,10.7173,1
3927,M02,주간,8.948,1
3928,M03,주간,8.9383,1
3929,M03,주간,9.4814,1
3930,M01,주간,9.241,1
3931,M03,주간,10.6905,1
3932,M01,주간,10.3675,1
3933,M01,주간,10.966,1
3934,M01,주간,10.404,1
3935,M01,주간,10.254,1
3936,M03,주간,11.047,1
3937,M01,주간,10.4632,1
3938,M02,주간,10.1421,1
3939,M02,주간,11.2722,1
3940,M03,주간,10.1802,1
3941,M02,주간,9.8448,1
3942,M02,주간,9.4182,1
3943,M03,주간,10.6511,1
3944,M02,주간,11.0785,1
3945,M03,주간,10.0486,1
3946,M03,주간,11.1356,1
3947,M03,주간,8.5134,1
3948,M01,주간,10.0453,1
3949,M01,주간,10.0578,1
3950,M02,주간,9.5085,1
3951,M02,주간,11.9973,1
3952,M01,주간,10.0375,1
3953,M02,주간,9.7645,1
3954,M01,주간,10.1116,1
3955,M01,주간,8.4888,1
3956,M03,주간,9.4834,1
3957,M01,주간,10.8781,1
3958,M03,주간,9.5885,1
3959,M02,주간,9.4288,1
3960,M03,주간,11.1397,1
3961,M01,주간,11.1645,1
3962,M03,주간,10.5061,1
3963,M02,주간,9.7286,1
3964,M03,주간,9.9013,1
3965,M01,주간,9.4497,1
3966,M03,주간,9.2974,1
3967,M01,주간,9.2579,1
3968,M02,주간,9.5992,1
3969,M01,주간,9.2661,1
3970,M03,주간,8.8431,1
3971,M02,주간,10.2698,1
3972,M03,주간,10.2821,1
3973,M02,주간,11.4553,1
3974,M01,주간,9.5602,1
3975,M02,주간,10.3319,1
3976,M02,주간,10.3454,1
3977,M01,주간,9.8924,1
3978,M03,주간,10.6911,1
3979,M03,주간,10.716,1
3980,M02,주간,10.358,1
3981,M02,주간,9.8918,1
3982,M03,주간,9.8104,1
3983,M03,주간,9.0025,1
3984,M01,주간,9.4521,1
3985,M02,주간,9.5995,1
3986,M03,주간,9.1981,1
3987,M03,주간,10.4494,1
3988,M02,주간,11.055,1
3989,M03,주간,9.3714,1
3990,M02,주간,10.3248,1
3991,M02,주간,9.271,1
3992,M02,주간,9.8545,1
3993,M03,주간,9.5464,1
3994,M03,주간,10.5804,1
3995,M01,주간,9.556,1
3996,M01,주간,10.9086,1
3997,M02,주간,9.9029,1
3998,M03,주간,9.58,1
3999,M02,주간,9.0972,1
4000,M02,오후,10.3026,1
4001,M01,오후,10.8164,1
4002,M01,오후,10.3191,1
4003,M03,오후,11.8917,1
4004,M02,오후,11.2447,1
4005,M03,오후,9.855,1
4006,M01,오후,9.8468,1
4007,M01,오후,10.4772,1
4008,M03,오후,9.4313,1
4009,M03,오후,11.0349,1
4010,M03,오후,10.3913,1
4011,M01,오후,10.3074,1
4012,M03,오후,10.652,1
4013,M02,오후,11.4809,1
4014,M03,오후,10.2396,1
4015,M03,오후,10.0126,1
4016,M02,오후,11.3102,1
4017,M01,오후,10.8775,1
4018,M03,오후,9.8469,1
4019,M02,오후,10.108,1
4020,M02,오후,10.2604,1
4021,M02,오후,10.3937,1
4022,M03,오후,9.0192,1
4023,M01,오후,8.8707,1
4024,M03,오후,9.395,1
4025,M02,오후,9.3333,1
4026,M01,오후,9.5902,1
4027,M01,오후,10.6132,1
4028,M02,오후,9.9705,1
4029,M03,오후,10.263,1
4030,M02,오후,9.1266,1
4031,M01,오후,9.737,1
4032,M02,오후,10.5763,1
4033,M01,오후,10.5826,1
4034,M01,오후,9.5272,1
4035,M03,오후,10.2364,1
4036,M03,오후,11.8663,1
4037,M01,오후,10.0934,1
4038,M02,오후,9.5531,1
4039,M02,오후,9.9689,1
4040,M02,오후,10.1818,1
4041,M03,오후,9.9873,1
4042,M01,오후,10.0834,1
4043,M03,오후,8.9539,1
4044,M02,오후,9.3388,1
4045,M01,오후,9.9896,1
4046,M03,오후,9.9771,1
4047,M03,오후,9.6565,1
4048,M02,오후,9.9681,1
4049,M03,오후,10.1587,1
4050,M01,오후,10.8216,1
4051,M02,오후,10.0309,1
4052,M02,오후,10.4298,1
4053,M03,오후,9.6774,1
4054,M02,오후,10.5686,1
4055,M03,오후,10.4117,1
4056,M01,오후,10.8039,1
4057,M02,오후,10.6822,1
4058,M01,오후,10.5827,1
4059,M02,오후,10.0331,1
4060,M01,오후,10.308,1
4061,M03,오후,10.9631,1
4062,M01,오후,9.5908,1
4063,M03,오후,9.6099,1
4064,M03,오후,10.258,1
4065,M02,오후,10.4453,1
4066,M03,오후,9.454,1
4067,M03,오후,10.0537,1
4068,M01,오후,10.0385,1
4069,M03,오후,8.3417,1
4070,M02,오후,9.9384,1
4071,M03,오후,9.9884,1
4072,M03,오후,9.9862,1
4073,M03,오후,11.2474,1
4074,M02,오후,9.1422,1
4075,M01,오후,9.4554,1
4076,M01,오후,8.0255,1
4077,M01,오후,9.7307,1
4078,M03,오후,9.7992,1
4079,M02,오후,9.7079,1
4080,M02,오후,11.0022,1
4081,M02,오후,10.8048,1
4082,M01,오후,10.1788,1
4083,M02,오후,9.8202,1
4084,M02,오후,10.9378,1
4085,M03,오후,10.1013,1
4086,M01,오후,9.4627,1
4087,M03,오후,8.7445,1
4088,M01,오후,9.7646,1
4089,M02,오후,10.7216,1
4090,M02,오후,11.9393,1
4091,M03,오후,10.1676,1
4092,M02,오후,9.5062,1
4093,M01,오후,9.1707,1
4094,M02,오후,10.5604,1
4095,M02,오후,8.7074,1
4096,M02,오후,10.5596,1
4097,M01,오후,10.7736,1
4098,M01,오후,10.4687,1
4099,M02,오후,9.9442,1
4100,M01,오후,10.572,1
4101,M02,오후,10.257,1
4102,M01,오후,9.498,1
4103,M03,오후,11.601,1
4104,M01,오후,9.8395,1
4105,M02,오후,10.7417,1
4106,M03,오후,8.1864,1
4107,M02,오후,11.1427,1
4108,M01,오후,11.2967,1
4109,M01,오후,10.1457,1
4110,M02,오후,10.5691,1
4111,M01,오후,10.5691,1
4112,M03,오후,9.6083,1
4113,M03,오후,10.5604,1
4114,M03,오후,9.476,1
4115,M03,오후,9.6361,1
4116,M02,오후,11.0248,1
4117,M01,오후,10.9032,1
4118,M02,오후,9.5586,1
4119,M01,오후,9.537,1
4120,M03,오후,9.6076,1
4121,M02,오후,10.7104,1
4122,M02,오후,9.3245,1
4123,M03,오후,10.4101,1
4124,M02,오후,10.7224,1
4125,M02,오후,10.0545,1
4126,M01,오후,10.9333,1
4127,M01,오후,9.882,1
4128,M01,오후,9.9546,1
4129,M02,오후,9.3441,1
4130,M03,오후,10.9398,1
4131,M01,오후,9.5131,1
4132,M02,오후,10.4063,1
4133,M01,오후,10.0696,1
4134,M01,오후,9.2847,1
4135,M01,오후,9.6398,1
4136,M02,오후,11.2336,1
4137,M02,오후,10.2888,1
4138,M02,오후,9.3204,1
4139,M02,오후,10.3721,1
4140,M02,오후,10.0112,1
4141,M01,오후,12.8915,1
4142,M03,오후,10.3566,1
4143,M02,오후,9.8242,1
4144,M01,오후,11.2649,1
4145,M02,오후,8.6563,1
4146,M02,오후,10.2047,1
4147,M03,오후,11.725,1
4148,M01,오후,10.0367,1
4149,M03,오후,8.7432,1
4150,M02,오후,9.8134,1
4151,M01,오후,11.2939,1
4152,M02,오후,10.4313,1
4153,M03,오후,9.4596,1
4154,M01,오후,9.5827,1
4155,M03,오후,9.6833,1
4156,M03,오후,10.4202,1
4157,M03,오후,11.202,1
4158,M01,오후,10.9736,1
4159,M02,오후,10.4967,1
4160,M02,야간,9.0668,1
4161,M02,야간,9.0699,1
4162,M03,야간,10.5591,1
4163,M01,야간,9.0563,1
4164,M02,야간,9.9524,1
4165,M03,야간,10.3764,1
4166,M03,야간,9.2232,1
4167,M02,야간,9.3141,1
4168,M03,야간,10.0584,1
4169,M02,야간,10.5368,1
4170,M02,야간,10.9833,1
4171,M02,야간,10.6199,1
4172,M01,야간,10.1934,1
4173,M01,야간,9.5377,1
4174,M03,야간,9.2782,1
4175,M01,야간,9.7264,1
4176,M02,야간,10.4632,1
4177,M02,야간,10.4048,1
4178,M02,야간,8.4558,1
4179,M02,야간,9.5073,1
4180,M03,야간,11.0997,1
4181,M03,야간,10.1997,1
4182,M03,야간,9.0029,1
4183,M02,야간,12.0213,1
4184,M03,야간,10.1137,1
4185,M02,야간,10.4446,1
4186,M02,야간,10.4569,1
4187,M03,야간,9.8434,1
4188,M03,야간,9.5556,1
4189,M01,야간,11.8352,1
4190,M03,야간,10.9407,1
4191,M03,야간,10.7958,1
4192,M03,야간,10.5995,1
4193,M03,야간,9.336,1
4194,M03,야간,11.1609,1
4195,M01,야간,9.4646,1
4196,M01,야간,10.3659,1
4197,M01,야간,8.828,1
4198,M01,야간,8.507,1
4199,M01,야간,10.3945,1
4200,M02,야간,9.4928,1
4201,M01,야간,8.549,1
4202,M01,야간,10.573,1
4203,M02,야간,11.8368,1
4204,M03,야간,11.2525,1
4205,M01,야간,9.9352,1
4206,M02,야간,10.1484,1
4207,M02,야간,10.8517,1
4208,M03,야간,11.0394,1
4209,M01,야간,9.8671,1
4210,M03,야간,10.1694,1
4211,M01,야간,10.3828,1
4212,M01,야간,10.5856,1
4213,M01,야간,10.0362,1
4214,M03,야간,10.0468,1
4215,M01,야간,11.247,1
4216,M03,야간,11.1109,1
4217,M03,야간,10.5254,1
4218,M03,야간,11.519,1
4219,M01,야간,9.8347,1
4220,M01,야간,11.4425,1
4221,M01,야간,10.5783,1
4222,M03,야간,12.7613,1
4223,M01,야간,9.1907,1
4224,M02,야간,9.5934,1
4225,M02,야간,10.4801,1
4226,M03,야간,10.4631,1
4227,M02,야간,11.7056,1
4228,M02,야간,9.611,1
4229,M03,야간,10.8698,1
4230,M03,야간,11.0761,1
4231,M02,야간,10.71,1
4232,M02,야간,9.3777,1
4233,M02,야간,11.2729,1
4234,M03,야간,11.1304,1
4235,M02,야간,10.6268,1
4236,M02,야간,10.3108,1
4237,M03,야간,10.3284,1
4238,M03,야간,10.0847,1
4239,M02,야간,10.6605,1
4240,M01,야간,10.173,1
4241,M01,야간,9.4695,1
4242,M02,야간,9.3096,1
4243,M03,야간,9.5471,1
4244,M03,야간,10.3266,1
4245,M03,야간,10.1275,1
4246,M01,야간,10.3216,1
4247,M02,야간,10.5502,1
4248,M03,야간,9.6478,1
4249,M03,야간,11.3224,1
4250,M01,야간,9.9359,1
4251,M03,야간,9.8036,1
4252,M01,야간,10.5364,1
4253,M01,야간,8.6815,1
4254,M03,야간,9.5185,1
4255,M03,야간,10.936,1
4256,M03,야간,8.7614,1
4257,M02,야간,11.0456,1
4258,M02,야간,11.3606,1
4259,M02,야간,9.8563,1
4260,M02,야간,10.3856,1
4261,M02,야간,11.0476,1
4262,M01,야간,9.7791,1
4263,M03,야간,10.8469,1
4264,M02,야간,9.616,1
4265,M02,야간,9.771,1
4266,M03,야간,9.5138,1
4267,M02,야간,10.4276,1
4268,M02,야간,11.0801,1
4269,M01,야간,10.0066,1
4270,M01,야간,9.1371,1
4271,M02,야간,9.2881,1
4272,M02,야간,10.4702,1
4273,M03,야간,11.63,1
4274,M03,야간,10.4699,1
4275,M03,야간,9.8456,1
4276,M02,야간,10.7683,1
4277,M01,야간,9.9639,1
4278,M03,야간,9.8531,1
4279,M03,야간,9.3891,1
4280,M02,야간,11.2829,1
4281,M03,야간,8.1249,1
4282,M03,야간,10.7948,1
4283,M02,야간,9.7857,1
4284,M01,야간,9.8286,1
4285,M01,야간,11.511,1
4286,M03,야간,9.586,1
4287,M02,야간,9.6134,1
4288,M01,야간,10.0534,1
4289,M01,야간,10.489,1
4290,M03,야간,9.8046,1
4291,M01,야간,8.8992,1
4292,M01,야간,9.4659,1
4293,M02,야간,11.1838,1
4294,M02,야간,10.2187,1
4295,M03,야간,10.52,1
4296,M03,야간,9.9502,1
4297,M02,야간,9.6319,1
4298,M01,야간,11.5018,1
4299,M03,야간,10.0094,1
4300,M02,야간,9.8054,1
4301,M03,야간,11.0372,1
4302,M02,야간,9.5826,1
4303,M01,야간,9.6849,1
4304,M03,야간,10.1691,1
4305,M01,야간,10.1613,1
4306,M03,야간,10.369,1
4307,M03,야간,11.8348,1
4308,M01,야간,10.4307,1
4309,M03,야간,8.2595,1
4310,M01,야간,10.4231,1
4311,M02,야간,10.1926,1
4312,M02,야간,10.1973,1
4313,M02,야간,10.3595,1
4314,M02,야간,10.14,1
4315,M02,야간,10.121,1
4316,M02,야간,10.6537,1
4317,M03,야간,9.7298,1
4318,M01,야간,9.4056,1
4319,M03,야간,12.5829,1
4320,M01,주간,9.5914,1
4321,M01,주간,10.2444,1
4322,M03,주간,8.968,1
4323,M01,주간,10.2579,1
4324,M03,주간,9.4183,1
4325,M01,주간,9.8111,1
4326,M01,주간,11.0014,1
4327,M03,주간,10.5431,1
4328,M01,주간,10.6204,1
4329,M03,주간,8.7489,1
4330,M02,주간,11.6356,1
4331,M03,주간,9.2128,1
4332,M03,주간,11.3894,1
4333,M01,주간,10.9839,1
4334,M01,주간,10.6288,1
4335,M02,주간,9.4831,1
4336,M03,주간,10.2886,1
4337,M01,주간,9.7908,1
4338,M01,주간,10.1909,1
4339,M02,주간,9.968,1
4340,M01,주간,8.5372,1
4341,M01,주간,11.0657,1
4342,M01,주간,10.1036,1
4343,M03,주간,9.7809,1
4344,M03,주간,9.7207,1
4345,M01,주간,10.4559,1
4346,M02,주간,9.4543,1
4347,M02,주간,8.3654,1
4348,M02,주간,10.4954,1
4349,M03,주간,10.5852,1
4350,M02,주간,10.0104,1
4351,M03,주간,9.252,1
4352,M01,주간,10.2417,1
4353,M01,주간,8.9991,1
4354,M02,주간,9.3491,1
4355,M03,주간,9.5706,1
4356,M02,주간,10.8465,1
4357,M02,주간,9.8814,1
4358,M01,주간,9.8134,1
4359,M02,주간,11.7357,1
4360,M03,주간,10.4541,1
4361,M02,주간,10.4435,1
4362,M01,주간,9.8768,1
4363,M03,주간,9.6956,1
4364,M03,주간,8.4238,1
4365,M02,주간,10.9481,1
4366,M02,주간,10.532,1
4367,M02,주간,10.0302,1
4368,M03,주간,10.0639,1
4369,M02,주간,10.7628,1
4370,M01,주간,8.9303,1
4371,M01,주간,9.7024,1
4372,M03,주간,9.2655,1
4373,M03,주간,11.5919,1
4374,M03,주간,10.8754,1
4375,M01,주간,8.413,1
4376,M01,주간,8.9643,1
4377,M02,주간,10.0696,1
4378,M01,주간,9.7978,1
4379,M02,주간,9.1164,1
4380,M02,주간,11.7319,1
4381,M01,주간,10.4263,1
4382,M01,주간,10.5564,1
4383,M02,주간,9.6231,1
4384,M03,주간,10.7547,1
4385,M02,주간,9.8728,1
4386,M01,주간,9.9506,1
4387,M01,주간,10.6663,1
4388,M02,주간,8.8745,1
4389,M01,주간,11.4555,1
4390,M03,주간,10.324,1
4391,M03,주간,11.2031,1
4392,M01,주간,9.3182,1
4393,M03,주간,9.4402,1
4394,M01,주간,9.2494,1
4395,M02,주간,10.3794,1
4396,M03,주간,10.2321,1
4397,M01,주간,9.808,1
4398,M01,주간,9.3685,1
4399,M01,주간,9.1666,1
4400,M03,주간,10.1413,1
4401,M01,주간,9.8079,1
4402,M02,주간,9.632,1
4403,M02,주간,11.4184,1
4404,M03,주간,10.1151,1
4405,M03,주간,11.1972,1
4406,M03,주간,9.7547,1
4407,M03,주간,10.3773,1
4408,M02,주간,10.1373,1
4409,M02,주간,8.8238,1
4410,M01,주간,11.3248,1
4411,M03,주간,10.0742,1
4412,M02,주간,10.7797,1
4413,M02,주간,9.5811,1
4414,M01,주간,10.051,1
4415,M01,주간,9.4896,1
4416,M02,주간,11.1721,1
4417,M02,주간,10.4326,1
4418,M02,주간,10.4774,1
4419,M01,주간,11.2705,1
4420,M01,주간,11.1092,1
4421,M03,주간,10.7966,1
4422,M02,주간,9.0471,1
4423,M02,주간,9.6282,1
4424,M01,주간,9.3818,1
4425,M02,주간,10.7672,1
4426,M02,주간,10.3218,1
4427,M02,주간,9.0731,1
4428,M03,주간,10.0347,1
4429,M03,주간,8.9906,1
4430,M01,주간,10.1436,1
4431,M02,주간,8.862,1
4432,M03,주간,10.6096,1
4433,M02,주간,10.4891,1
4434,M01,주간,11.7133,1
4435,M01,주간,10.8654,1
4436,M03,주간,9.849,1
4437,M03,주간,10.842,1
4438,M01,주간,9.0696,1
4439,M02,주간,9.4179,1
4440,M02,주간,10.4546,1
4441,M01,주간,8.4617,1
4442,M02,주간,10.1588,1
4443,M03,주간,9.3725,1
4444,M01,주간,10.27,1
4445,M01,주간,9.3269,1
4446,M02,주간,10.5287,1
4447,M01,주간,10.205,1
4448,M03,주간,11.31,1
4449,M02,주간,10.1953,1
4450,M01,주간,9.5752,1
4451,M02,주간,9.9928,1
4452,M03,주간,9.1151,1
4453,M02,주간,10.5156,1
4454,M02,주간,10.6628,1
4455,M01,주간,12.1665,1
4456,M01,주간,9.6939,1
4457,M01,주간,9.9773,1
4458,M01,주간,9.7311,1
4459,M01,주간,10.3616,1
4460,M02,주간,10.4975,1
4461,M01,주간,10.1496,1
4462,M02,주간,11.0616,1
4463,M03,주간,9.6991,1
4464,M03,주간,10.9819,1
4465,M02,주간,10.6239,1
4466,M01,주간,10.1837,1
4467,M02,주간,9.9416,1
4468,M03,주간,12.1351,1
4469,M02,주간,9.5403,1
4470,M03,주간,10.4325,1
4471,M03,주간,9.5942,1
4472,M01,주간,11.623,1
4473,M01,주간,10.9042,1
4474,M01,주간,9.6523,1
4475,M01,주간,10.6052,1
4476,M01,주간,10.4015,1
4477,M02,주간,9.7822,1
4478,M02,주간,10.8023,1
4479,M02,주간,10.5074,1
4480,M03,오후,10.3687,1
4481,M03,오후,10.1628,1
4482,M03,오후,10.5414,1
4483,M03,오후,10.3802,1
4484,M02,오후,10.2442,1
4485,M03,오후,9.6843,1
4486,M02,오후,11.5523,1
4487,M01,오후,9.3572,1
4488,M01,오후,10.5398,1
4489,M01,오후,9.9417,1
4490,M03,오후,11.6058,1
4491,M01,오후,9.4755,1
4492,M03,오후,9.6103,1
4493,M03,오후,9.4229,1
4494,M02,오후,10.4577,1
4495,M03,오후,9.1007,1
4496,M03,오후,9.8165,1
4497,M03,오후,8.4776,1
4498,M02,오후,10.3921,1
4499,M01,오후,9.7998,1
4500,M01,오후,9.0097,1
4501,M03,오후,11.0688,1
4502,M03,오후,9.1544,1
4503,M02,오후,10.8383,1
4504,M01,오후,9.6401,1
4505,M03,오후,11.4824,1
4506,M01,오후,10.801,1
4507,M02,오후,9.3951,1
4508,M02,오후,9.4681,1
4509,M01,오후,10.6864,1
4510,M01,오후,9.9922,1
4511,M01,오후,10.0669,1
4512,M03,오후,11.2203,1
4513,M03,오후,9.6038,1
4514,M02,오후,10.276,1
4515,M02,오후,10.9668,1
4516,M02,오후,10.8506,1
4517,M02,오후,10.0758,1
4518,M02,오후,9.9726,1
4519,M02,오후,8.8129,1
4520,M02,오후,9.3591,1
4521,M02,오후,10.459,1
4522,M02,오후,10.0942,1
4523,M03,오후,10.2647,1
4524,M01,오후,11.0363,1
4525,M01,오후,9.2553,1
4526,M02,오후,10.0164,1
4527,M01,오후,10.3565,1
4528,M01,오후,9.6424,1
4529,M03,오후,11.3511,1
4530,M02,오후,10.933,1
4531,M02,오후,10.4384,1
4532,M03,오후,11.6419,1
4533,M01,오후,9.0076,1
4534,M02,오후,10.2008,1
4535,M01,오후,10.5002,1
4536,M02,오후,9.4757,1
4537,M01,오후,10.4481,1
4538,M03,오후,9.3225,1
4539,M01,오후,10.7604,1
4540,M01,오후,11.0544,1
4541,M01,오후,10.4262,1
4542,M01,오후,8.7263,1
4543,M01,오후,9.4353,1
4544,M01,오후,10.6607,1
4545,M03,오후,10.2261,1
4546,M03,오후,8.0541,1
4547,M03,오후,11.2038,1
4548,M03,오후,10.3191,1
4549,M03,오후,9.5547,1
4550,M02,오후,11.0061,1
4551,M02,오후,9.6683,1
4552,M02,오후,9.6598,1
4553,M01,오후,10.4974,1
4554,M02,오후,11.6358,1
4555,M03,오후,11.51,1
4556,M01,오후,10.4991,1
4557,M03,오후,10.5814,1
4558,M03,오후,10.8449,1
4559,M02,오후,9.2064,1
4560,M02,오후,10.7275,1
4561,M01,오후,9.6251,1
4562,M01,오후,10.4673,1
4563,M01,오후,10.0308,1
4564,M03,오후,10.6139,1
4565,M02,오후,10.3076,1
4566,M01,오후,7.7549,1
4567,M02,오후,10.3567,1
4568,M03,오후,10.7275,1
4569,M01,오후,10.5707,1
4570,M01,오후,10.1321,1
4571,M03,오후,11.5281,1
4572,M03,오후,10.4636,1
4573,M02,오후,10.5649,1
4574,M03,오후,11.0505,1
4575,M02,오후,10.5052,1
4576,M02,오후,9.4969,1
4577,M01,오후,8.2649,1
4578,M03,오후,9.834,1
4579,M03,오후,10.8247,1
4580,M01,오후,9.9337,1
4581,M03,오후,10.8573,1
4582,M03,오후,10.3355,1
4583,M01,오후,11.2472,1
4584,M01,오후,9.9808,1
4585,M02,오후,10.5912,1
4586,M02,오후,10.6221,1
4587,M02,오후,11.4188,1
4588,M02,오후,8.8524,1
4589,M03,오후,9.8512,1
4590,M02,오후,10.897,1
4591,M01,오후,11.4551,1
4592,M01,오후,10.4106,1
4593,M03,오후,9.9846,1
4594,M03,오후,10.8246,1
4595,M02,오후,10.9141,1
4596,M01,오후,9.9316,1
4597,M01,오후,10.4838,1
4598,M01,오후,11.1642,1
4599,M01,오후,11.7323,1
4600,M02,오후,10.8142,1
4601,M01,오후,10.2557,1
4602,M01,오후,10.1773,1
4603,M01,오후,10.6667,1
4604,M03,오후,10.1284,1
4605,M02,오후,10.3729,1
4606,M01,오후,9.375,1
4607,M03,오후,11.2592,1
4608,M02,오후,9.3096,1
4609,M01,오후,9.8763,1
4610,M03,오후,10.3002,1
4611,M03,오후,11.8151,1
4612,M02,오후,9.8844,1
4613,M01,오후,9.6899,1
4614,M01,오후,9.7823,1
4615,M02,오후,11.5503,1
4616,M03,오후,7.9735,1
4617,M03,오후,9.4214,1
4618,M03,오후,12.4088,1
4619,M03,오후,10.6967,1
4620,M02,오후,9.3394,1
4621,M02,오후,10.1908,1
4622,M03,오후,10.2785,1
4623,M03,오후,10.9017,1
4624,M02,오후,11.6966,1
4625,M01,오후,10.536,1
4626,M03,오후,9.7935,1
4627,M01,오후,10.8552,1
4628,M02,오후,9.6671,1
4629,M02,오후,9.3993,1
4630,M03,오후,8.8182,1
4631,M01,오후,8.9742,1
4632,M02,오후,9.5094,1
4633,M02,오후,9.2845,1
4634,M01,오후,10.4775,1
4635,M01,오후,9.2676,1
4636,M02,오후,7.7124,1
4637,M03,오후,9.3924,1
4638,M02,오후,9.8503,1
4639,M03,오후,9.7436,1
4640,M03,야간,11.4438,1
4641,M03,야간,9.7375,1
4642,M03,야간,10.9333,1
4643,M03,야간,10.2136,1
4644,M03,야간,10.1951,1
4645,M01,야간,9.5608,1
4646,M03,야간,10.1823,1
4647,M01,야간,9.6175,1
4648,M03,야간,10.3658,1
4649,M02,야간,10.041,1
4650,M03,야간,9.4745,1
4651,M02,야간,11.0239,1
4652,M02,야간,10.572,1
4653,M02,야간,9.8723,1
4654,M02,야간,10.3473,1
4655,M02,야간,10.1641,1
4656,M02,야간,9.5373,1
4657,M02,야간,10.288,1
4658,M02,야간,9.7349,1
4659,M01,야간,9.476,1
4660,M02,야간,8.9339,1
4661,M01,야간,9.9455,1
4662,M01,야간,10.6861,1
4663,M02,야간,9.677,1
4664,M01,야간,12.2495,1
4665,M02,야간,10.9417,1
4666,M03,야간,11.2768,1
4667,M03,야간,10.8698,1
4668,M01,야간,11.716,1
4669,M02,야간,9.6044,1
4670,M02,야간,8.1856,1
4671,M03,야간,9.8775,1
4672,M02,야간,10.6811,1
4673,M03,야간,10.356,1
4674,M03,야간,10.4553,1
4675,M01,야간,11.2919,1
4676,M02,야간,10.541,1
4677,M02,야간,10.8747,1
4678,M02,야간,9.4841,1
4679,M02,야간,9.3596,1
4680,M01,야간,11.5274,1
4681,M02,야간,10.3171,1
4682,M03,야간,9.738,1
4683,M01,야간,9.7396,1
4684,M02,야간,9.7177,1
4685,M03,야간,9.67,1
4686,M02,야간,9.2108,1
4687,M03,야간,9.0372,1
4688,M02,야간,10.0818,1
4689,M01,야간,9.7636,1
4690,M03,야간,11.1239,1
4691,M01,야간,10.4728,1
4692,M01,야간,10.4508,1
4693,M01,야간,9.6443,1
4694,M03,야간,10.1421,1
4695,M03,야간,10.528,1
4696,M01,야간,10.8123,1
4697,M02,야간,10.1644,1
4698,M02,야간,11.1031,1
4699,M01,야간,10.2464,1
4700,M03,야간,10.8744,1
4701,M03,야간,9.8485,1
4702,M02,야간,8.7905,1
4703,M02,야간,10.4554,1
4704,M03,야간,10.8212,1
4705,M02,야간,10.7014,1
4706,M02,야간,10.5791,1
4707,M02,야간,9.9627,1
4708,M02,야간,9.5964,1
4709,M02,야간,10.6833,1
4710,M01,야간,10.5833,1
4711,M02,야간,9.7936,1
4712,M02,야간,11.1301,1
4713,M01,야간,9.5365,1
4714,M02,야간,9.7761,1
4715,M02,야간,11.5523,1
4716,M02,야간,10.9382,1
4717,M03,야간,9.9572,1
4718,M02,야간,10.4737,1
4719,M02,야간,10.3678,1
4720,M01,야간,8.0477,1
4721,M03,야간,9.5192,1
4722,M01,야간,10.2039,1
4723,M02,야간,9.9595,1
4724,M01,야간,10.4426,1
4725,M03,야간,11.1487,1
4726,M02,야간,9.9881,1
4727,M01,야간,9.3994,1
4728,M01,야간,10.5056,1
4729,M03,야간,9.9847,1
4730,M02,야간,10.1213,1
4731,M01,야간,10.0129,1
4732,M03,야간,12.04,1
4733,M01,야간,8.4542,1
4734,M02,야간,9.9363,1
4735,M01,야간,10.2442,1
4736,M01,야간,9.6225,1
4737,M01,야간,10.9674,1
4738,M01,야간,10.8984,1
4739,M03,야간,10.2098,1
4740,M02,야간,10.0316,1
4741,M03,야간,10.1588,1
4742,M01,야간,10.1647,1
4743,M03,야간,10.1861,1
4744,M01,야간,10.0986,1
4745,M01,야간,10.4511,1
4746,M01,야간,10.8519,1
4747,M03,야간,9.2654,1
4748,M03,야간,9.4092,1
4749,M03,야간,8.8512,1
4750,M03,야간,10.9433,1
4751,M01,야간,10.4506,1
4752,M03,야간,10.6548,1
4753,M02,야간,9.1072,1
4754,M02,야간,11.6789,1
4755,M02,야간,9.7641,1
4756,M02,야간,10.3859,1
4757,M01,야간,10.9351,1
4758,M01,야간,9.4622,1
4759,M02,야간,9.8149,1
4760,M02,야간,10.3955,1
4761,M03,야간,12.5383,1
4762,M02,야간,10.4935,1
4763,M01,야간,11.5379,1
4764,M02,야간,11.2175,1
4765,M02,야간,10.5476,1
4766,M03,야간,9.462,1
4767,M02,야간,11.1014,1
4768,M02,야간,9.0553,1
4769,M03,야간,11.5347,1
4770,M02,야간,10.4142,1
4771,M03,야간,8.1342,1
4772,M03,야간,9.9822,1
4773,M03,야간,10.7779,1
4774,M03,야간,10.0654,1
4775,M02,야간,10.8272,1
4776,M01,야간,9.5754,1
4777,M02,야간,9.2108,1
4778,M01,야간,10.1986,1
4779,M02,야간,10.2812,1
4780,M03,야간,9.9775,1
4781,M02,야간,11.2382,1
4782,M01,야간,9.5764,1
4783,M01,야간,10.5073,1
4784,M03,야간,10.3113,1
4785,M03,야간,9.0118,1
4786,M02,야간,9.2021,1
4787,M03,야간,10.2671,1
4788,M03,야간,11.8427,1
4789,M02,야간,10.7214,1
4790,M01,야간,8.8777,1
4791,M03,야간,7.77,1
4792,M02,야간,10.845,1
4793,M03,야간,10.1818,1
4794,M03,야간,11.172,1
4795,M02,야간,9.5546,1
4796,M02,야간,10.5395,1
4797,M01,야간,10.9365,1
4798,M03,야간,9.9018,1
4799,M01,야간,9.9191,1
4800,M02,주간,10.2804,1
4801,M02,주간,10.6945,1
4802,M01,주간,10.2491,1
4803,M02,주간,11.04,1
4804,M03,주간,9.8914,1
4805,M01,주간,9.1985,1
4806,M01,주간,11.843,1
4807,M01,주간,9.7779,1
4808,M01,주간,9.807,1
4809,M01,주간,10.2093,1
4810,M02,주간,10.3159,1
4811,M03,주간,9.953,1
4812,M03,주간,10.2486,1
4813,M03,주간,10.231,1
4814,M03,주간,10.4028,1
4815,M02,주간,8.3772,1
4816,M03,주간,11.7681,1
4817,M01,주간,10.1457,1
4818,M03,주간,10.7283,1
4819,M01,주간,9.1615,1
4820,M03,주간,9.8874,1
4821,M01,주간,9.7265,1
4822,M01,주간,11.4404,1
4823,M02,주간,9.7961,1
4824,M03,주간,10.8714,1
4825,M01,주간,9.7448,1
4826,M01,주간,9.9033,1
4827,M02,주간,10.0691,1
4828,M03,주간,11.2929,1
4829,M03,주간,8.7541,1
4830,M02,주간,9.2136,1
4831,M02,주간,8.7085,1
4832,M02,주간,9.3966,1
4833,M03,주간,9.6175,1
4834,M01,주간,8.9754,1
4835,M01,주간,9.6799,1
4836,M01,주간,8.6556,1
4837,M01,주간,9.4532,1
4838,M02,주간,11.2281,1
4839,M03,주간,10.5908,1
4840,M02,주간,10.4182,1
4841,M02,주간,9.4662,1
4842,M01,주간,9.0397,1
4843,M02,주간,9.3575,1
4844,M01,주간,10.2344,1
4845,M03,주간,10.9637,1
4846,M02,주간,10.9913,1
4847,M02,주간,10.7741,1
4848,M03,주간,9.6797,1
4849,M01,주간,10.2896,1
4850,M02,주간,10.0131,1
4851,M02,주간,10.1094,1
4852,M01,주간,11.9003,1
4853,M01,주간,8.8612,1
4854,M01,주간,10.0832,1
4855,M01,주간,11.2406,1
4856,M03,주간,9.0987,1
4857,M01,주간,9.7566,1
4858,M01,주간,9.8486,1
4859,M03,주간,10.0933,1
4860,M02,주간,8.9954,1
4861,M03,주간,10.7486,1
4862,M03,주간,10.8056,1
4863,M01,주간,10.6795,1
4864,M02,주간,9.5767,1
4865,M01,주간,10.3424,1
4866,M02,주간,9.5538,1
4867,M03,주간,10.0075,1
4868,M03,주간,11.9966,1
4869,M03,주간,10.3505,1
4870,M01,주간,9.3242,1
4871,M01,주간,10.4187,1
4872,M02,주간,9.1931,1
4873,M01,주간,9.3156,1
4874,M02,주간,9.4421,1
4875,M03,주간,9.9197,1
4876,M01,주간,11.025,1
4877,M03,주간,10.7383,1
4878,M03,주간,10.6942,1
4879,M03,주간,9.3968,1
4880,M01,주간,9.8431,1
4881,M01,주간,10.494,1
4882,M01,주간,9.7739,1
4883,M01,주간,10.0541,1
4884,M01,주간,10.6301,1
4885,M02,주간,9.9982,1
4886,M01,주간,10.4582,1
4887,M01,주간,11.5518,1
4888,M03,주간,10.1403,1
4889,M03,주간,11.2215,1
4890,M03,주간,10.7257,1
4891,M01,주간,9.1046,1
4892,M02,주간,9.3969,1
4893,M02,주간,9.6119,1
4894,M01,주간,9.5951,1
4895,M03,주간,10.207,1
4896,M02,주간,10.7711,1
4897,M03,주간,11.2837,1
4898,M01,주간,10.5263,1
4899,M02,주간,9.9234,1
4900,M01,주간,8.6144,1
4901,M03,주간,10.3369,1
4902,M02,주간,10.3012,1
4903,M01,주간,10.4271,1
4904,M01,주간,11.966,1
4905,M02,주간,11.2737,1
4906,M01,주간,10.9094,1
4907,M01,주간,9.5119,1
4908,M03,주간,9.8714,1
4909,M03,주간,10.2061,1
4910,M02,주간,9.6619,1
4911,M03,주간,10.6828,1
4912,M02,주간,10.5681,1
4913,M01,주간,9.4121,1
4914,M03,주간,11.2404,1
4915,M01,주간,10.365,1
4916,M03,주간,8.9001,1
4917,M02,주간,10.2425,1
4918,M01,주간,10.5088,1
4919,M01,주간,11.0622,1
4920,M03,주간,10.0142,1
4921,M03,주간,10.9467,1
4922,M02,주간,10.4343,1
4923,M01,주간,9.2327,1
4924,M03,주간,9.1529,1
4925,M03,주간,11.1832,1
4926,M02,주간,11.2422,1
4927,M02,주간,10.5439,1
4928,M03,주간,11.4824,1
4929,M02,주간,11.1313,1
4930,M01,주간,10.8331,1
4931,M01,주간,9.5573,1
4932,M02,주간,11.6717,1
4933,M03,주간,10.7158,1
4934,M03,주간,9.9783,1
4935,M02,주간,9.7526,1
4936,M01,주간,10.4928,1
4937,M02,주간,8.9507,1
4938,M01,주간,10.8475,1
4939,M02,주간,9.5251,1
4940,M02,주간,10.5847,1
4941,M03,주간,9.8711,1
4942,M03,주간,10.0771,1
4943,M03,주간,9.6833,1
4944,M01,주간,10.16,1
4945,M03,주간,11.8007,1
4946,M01,주간,11.3974,1
4947,M02,주간,10.5732,1
4948,M03,주간,10.2696,1
4949,M03,주간,10.9654,1
4950,M02,주간,11.1942,1
4951,M01,주간,9.6265,1
4952,M02,주간,10.2286,1
4953,M03,주간,8.8332,1
4954,M02,주간,11.1895,1
4955,M02,주간,11.9432,1
4956,M02,주간,10.3555,1
4957,M02,주간,8.5916,1
4958,M01,주간,10.7789,1
4959,M03,주간,9.5687,1
4960,M01,오후,9.7615,1
4961,M03,오후,10.7937,1
4962,M01,오후,10.4962,1
4963,M02,오후,9.9023,1
4964,M02,오후,9.7733,1
4965,M02,오후,10.3939,1
4966,M02,오후,9.9658,1
4967,M03,오후,9.4062,1
4968,M01,오후,10.0277,1
4969,M03,오후,10.5657,1
4970,M03,오후,10.1517,1
4971,M03,오후,9.1636,1
4972,M01,오후,11.0858,1
4973,M01,오후,8.1037,1
4974,M02,오후,9.9379,1
4975,M01,오후,9.799,1
4976,M03,오후,10.4139,1
4977,M03,오후,10.7449,1
4978,M02,오후,11.1972,1
4979,M03,오후,9.7261,1
4980,M01,오후,10.7655,1
4981,M03,오후,10.4531,1
4982,M01,오후,8.9274,1
4983,M03,오후,11.8172,1
4984,M02,오후,9.146,1
4985,M02,오후,10.6328,1
4986,M01,오후,10.6094,1
4987,M02,오후,10.5181,1
4988,M03,오후,9.9021,1
4989,M03,오후,10.9598,1
4990,M02,오후,9.0499,1
4991,M01,오후,10.2457,1
4992,M02,오후,9.8475,1
4993,M03,오후,9.757,1
4994,M01,오후,10.642,1
4995,M03,오후,11.1612,1
4996,M03,오후,10.0248,1
4997,M03,오후,10.9241,1
4998,M02,오후,10.3396,1
4999,M01,오후,9.5858,1
